-- phpMyAdmin SQL Dump
-- version 4.1.14
-- http://www.phpmyadmin.net
--
-- Host: 127.0.0.1
-- Generation Time: Aug 14, 2016 at 08:30 PM
-- Server version: 5.6.17
-- PHP Version: 5.5.12

SET SQL_MODE = "NO_AUTO_VALUE_ON_ZERO";
SET time_zone = "+00:00";


/*!40101 SET @OLD_CHARACTER_SET_CLIENT=@@CHARACTER_SET_CLIENT */;
/*!40101 SET @OLD_CHARACTER_SET_RESULTS=@@CHARACTER_SET_RESULTS */;
/*!40101 SET @OLD_COLLATION_CONNECTION=@@COLLATION_CONNECTION */;
/*!40101 SET NAMES utf8 */;

--
-- Database: `prodaja-drva`
--

-- --------------------------------------------------------

--
-- Table structure for table `classifieds`
--

CREATE TABLE IF NOT EXISTS `classifieds` (
  `id` int(11) NOT NULL AUTO_INCREMENT,
  `title` text NOT NULL,
  `permalink` varchar(255) NOT NULL,
  `wood` text NOT NULL,
  `packaging` text NOT NULL,
  `price` int(10) NOT NULL,
  `description` text NOT NULL,
  `user` varchar(30) NOT NULL,
  `region` varchar(30) NOT NULL,
  `city` varchar(100) NOT NULL,
  `image` varchar(255) NOT NULL,
  `published` tinyint(1) NOT NULL,
  `featured` tinyint(1) NOT NULL,
  `latitude` decimal(8,6) NOT NULL,
  `longitude` decimal(8,6) NOT NULL,
  `created_at` datetime NOT NULL DEFAULT CURRENT_TIMESTAMP,
  `updated_at` datetime NOT NULL DEFAULT CURRENT_TIMESTAMP,
  PRIMARY KEY (`id`)
) ENGINE=MyISAM  DEFAULT CHARSET=utf8 AUTO_INCREMENT=203 ;

--
-- Dumping data for table `classifieds`
--

INSERT INTO `classifieds` (`id`, `title`, `permalink`, `wood`, `packaging`, `price`, `description`, `user`, `region`, `city`, `image`, `published`, `featured`, `latitude`, `longitude`, `created_at`, `updated_at`) VALUES
(1, 'naslov666', 'naslov666-45c48', '2', '2', 100000, 'samo je jedno u mom zivotu vrijedno', '1', '1', '1', '50.jpg', 1, 1, '0.000000', '0.000000', '2016-07-27 15:08:49', '2016-08-08 15:23:51'),
(6, 'Prodajem drva za ogrijev', '68df18f2-c52f-4d6b-9100-15df980d941d', '1', '1', 466, 'Praesent blandit.', '44', '16', '68', '40.jpg', 0, 0, '0.000000', '0.000000', '2015-12-11 00:00:00', '2015-10-01 00:00:00'),
(7, 'Drva za ogrijev', '25c06bbf-8be5-4a3e-ad92-e9ec3e277241', '1', '2', 565, 'Aenean sit amet justo. Morbi ut odio.', '15', '17', '96', '20.jpg', 1, 0, '0.000000', '0.000000', '2015-12-21 00:00:00', '2016-06-19 00:00:00'),
(3, 'Drva za ogrijev', '5abe9251-4f34-4fae-bbd0-08edb36c2847', '3', '3', 657, 'Donec diam neque, vestibulum eget, vulputate ut, ultrices vel, augue.', '10', '12', '105', '40.jpg', 1, 0, '0.000000', '0.000000', '2016-07-19 00:00:00', '2016-05-17 00:00:00'),
(4, 'Drva za ogrijev', '9f1d7a1f-74f5-4bd7-8e1d-72b0a13035d5', '3', '1', 378, 'Cum sociis natoque penatibus et magnis dis parturient montes, nascetur ridiculus mus.', '43', '11', '21', '60.jpg', 0, 1, '0.000000', '0.000000', '2016-03-16 00:00:00', '2015-09-10 00:00:00'),
(5, 'Prodaja drva za lozenje', '018ab959-259f-4e80-ba19-cbcbb0645668', '2', '1', 309, 'Aliquam quis turpis eget elit sodales scelerisque.', '16', '18', '23', '20.jpg', 1, 1, '0.000000', '0.000000', '2016-02-28 00:00:00', '2015-11-07 00:00:00'),
(2, 'Ogrjevna drva prodajem', 'e301ec73-cf3b-4503-bef8-2a8b0b4c6a18', '1', '1', 808, 'Vivamus metus arcu, adipiscing molestie, hendrerit at, vulputate vitae, nisl. Aenean lectus.', '31', '15', '60', '30.jpg', 1, 0, '0.000000', '0.000000', '2016-01-31 00:00:00', '2015-10-01 00:00:00'),
(8, 'Drva za ogrijev', 'aa65a35c-03c8-4b47-a23c-72085ba83f31', '2', '1', 506, 'Duis bibendum, felis sed interdum venenatis, turpis enim blandit mi, in porttitor pede justo eu massa. Donec dapibus.', '22', '14', '43', '40.jpg', 1, 0, '0.000000', '0.000000', '2016-05-27 00:00:00', '2016-04-03 00:00:00'),
(9, 'Drva za ogrijev', 'b8f51d9e-aae4-4de7-9918-f4c2f0941c3f', '1', '4', 567, 'Nam dui. Proin leo odio, porttitor id, consequat in, consequat ut, nulla.', '30', '12', '12', '30.jpg', 0, 0, '0.000000', '0.000000', '2016-06-28 00:00:00', '2015-12-12 00:00:00'),
(10, 'Prodaja drva za lozenje', '5e5fa557-12d1-4948-8c84-1c323d811311', '3', '1', 786, 'Duis at velit eu est congue elementum. In hac habitasse platea dictumst.', '50', '13', '74', '20.jpg', 0, 0, '0.000000', '0.000000', '2016-06-14 00:00:00', '2016-08-01 00:00:00'),
(11, 'Prodajem drva', '8e6706e4-845b-4d6c-8159-b8f704751b37', '1', '4', 718, 'Aenean auctor gravida sem.', '42', '14', '45', '40.jpg', 1, 0, '0.000000', '0.000000', '2016-02-23 00:00:00', '2016-06-26 00:00:00'),
(12, 'Drva za ogrijev', '7602f1d7-5f82-4983-9bb3-bcfd07e7d08d', '1', '3', 418, 'Aenean fermentum. Donec ut mauris eget massa tempor convallis.', '17', '12', '87', '20.jpg', 0, 1, '0.000000', '0.000000', '2015-08-11 00:00:00', '2016-05-20 00:00:00'),
(13, 'Ogrjevna drva prodajem', '0b51313b-d0c8-4edb-ad0b-3fef8451d42c', '2', '1', 984, 'Donec vitae nisi. Nam ultrices, libero non mattis pulvinar, nulla pede ullamcorper augue, a suscipit nulla elit ac nulla.', '38', '16', '14', '10.jpg', 1, 1, '0.000000', '0.000000', '2015-11-03 00:00:00', '2016-02-13 00:00:00'),
(14, 'Prodaja drva', 'cb29c19a-566b-4882-874e-3561180ac8c6', '3', '2', 762, 'Lorem ipsum dolor sit amet, consectetuer adipiscing elit. Proin risus.', '13', '18', '43', '20.jpg', 1, 1, '0.000000', '0.000000', '2016-03-10 00:00:00', '2016-02-07 00:00:00'),
(15, 'Drva za ogrijev', 'e2af6a01-c10f-49a9-9b66-6ba114c9df62', '3', '1', 612, 'Vestibulum ante ipsum primis in faucibus orci luctus et ultrices posuere cubilia Curae; Donec pharetra, magna vestibulum aliquet ultrices, erat tortor sollicitudin mi, sit amet lobortis sapien sapien non mi. Integer ac neque.', '49', '21', '66', '20.jpg', 0, 0, '0.000000', '0.000000', '2016-05-22 00:00:00', '2015-10-31 00:00:00'),
(16, 'Prodaja drva za lozenje', '562268fa-95e6-4394-ad81-79e75db2b104', '3', '1', 731, 'Ut at dolor quis odio consequat varius.', '13', '1', '43', '20.jpg', 1, 0, '0.000000', '0.000000', '2016-08-02 00:00:00', '2015-11-19 00:00:00'),
(17, 'Prodaja drva', 'c9be32c8-a573-4d81-b5dc-7a1d1bb85d04', '2', '1', 848, 'Lorem ipsum dolor sit amet, consectetuer adipiscing elit.', '8', '9', '18', '30.jpg', 1, 1, '0.000000', '0.000000', '2016-03-25 00:00:00', '2016-08-05 00:00:00'),
(18, 'Prodajem drva', 'ca280650-6a98-4ce0-8dfe-9bca83dc54f1', '1', '4', 554, 'Maecenas tincidunt lacus at velit. Vivamus vel nulla eget eros elementum pellentesque.', '9', '5', '104', '60.jpg', 1, 1, '0.000000', '0.000000', '2016-03-08 00:00:00', '2016-06-17 00:00:00'),
(19, 'Prodaja drva za lozenje', 'aae5002b-5424-4354-b833-6c8824c67695', '2', '1', 941, 'Fusce congue, diam id ornare imperdiet, sapien urna pretium nisl, ut volutpat sapien arcu sed augue.', '42', '20', '85', '30.jpg', 1, 1, '0.000000', '0.000000', '2016-01-23 00:00:00', '2015-09-29 00:00:00'),
(20, 'Prodaja drva', 'edada2ea-95e8-4608-8273-08f86a8dc043', '2', '2', 212, 'Quisque arcu libero, rutrum ac, lobortis vel, dapibus at, diam. Nam tristique tortor eu pede.', '10', '10', '9', '20.jpg', 0, 1, '0.000000', '0.000000', '2015-11-09 00:00:00', '2015-11-09 00:00:00'),
(21, 'Prodajem drva', 'ab95f95a-f04f-4154-83ef-a68c1489a48d', '3', '3', 309, 'Donec posuere metus vitae ipsum.', '5', '13', '18', '20.jpg', 0, 1, '0.000000', '0.000000', '2016-03-16 00:00:00', '2016-07-22 00:00:00'),
(22, 'Ogrjevna drva prodajem', '291543b8-7bbd-49ec-a06f-d0a6e16a7bf6', '1', '2', 265, 'Integer ac leo. Pellentesque ultrices mattis odio.', '8', '12', '124', '40.jpg', 1, 1, '0.000000', '0.000000', '2015-09-25 00:00:00', '2015-12-24 00:00:00'),
(23, 'Prodaja drva za lozenje', '83f167ff-c688-4982-8b40-74a58a98bdbf', '3', '3', 488, 'Aliquam quis turpis eget elit sodales scelerisque.', '35', '12', '83', '50.jpg', 1, 0, '0.000000', '0.000000', '2016-04-01 00:00:00', '2016-03-16 00:00:00'),
(24, 'Prodaja drva za lozenje', 'f53671ad-b3cf-4339-b19f-6e3e5a104c1a', '1', '3', 600, 'Morbi odio odio, elementum eu, interdum eu, tincidunt in, leo.', '9', '17', '34', '40.jpg', 1, 1, '0.000000', '0.000000', '2015-09-25 00:00:00', '2016-07-15 00:00:00'),
(25, 'Prodajem drva', '482c04f7-2e27-4aa4-a880-2b137362f0ce', '3', '4', 246, 'Duis bibendum, felis sed interdum venenatis, turpis enim blandit mi, in porttitor pede justo eu massa. Donec dapibus.', '50', '18', '120', '50.jpg', 0, 0, '0.000000', '0.000000', '2015-09-08 00:00:00', '2016-01-18 00:00:00'),
(26, 'Drva za ogrijev', '5fdcc91e-c609-42d1-924f-42a47f860213', '3', '1', 872, 'Pellentesque eget nunc. Donec quis orci eget orci vehicula condimentum.', '5', '18', '60', '30.jpg', 1, 0, '0.000000', '0.000000', '2015-08-11 00:00:00', '2015-11-23 00:00:00'),
(27, 'Prodajem drva', 'c572b9da-25c5-4182-bc2d-ac07eca862c9', '1', '2', 197, 'Suspendisse potenti. Cras in purus eu magna vulputate luctus.', '18', '7', '87', '60.jpg', 0, 0, '0.000000', '0.000000', '2016-03-02 00:00:00', '2016-03-08 00:00:00'),
(28, 'Prodajem drva', 'c00959cd-e6db-4982-a457-159ed019dd49', '2', '2', 878, 'Duis bibendum, felis sed interdum venenatis, turpis enim blandit mi, in porttitor pede justo eu massa.', '44', '8', '19', '20.jpg', 0, 1, '0.000000', '0.000000', '2015-12-10 00:00:00', '2016-03-23 00:00:00'),
(29, 'Ogrjevna drva prodajem', '239fbb26-f6dc-4f8f-a57b-304beab58461', '3', '1', 276, 'Duis consequat dui nec nisi volutpat eleifend.', '9', '16', '33', '30.jpg', 1, 1, '0.000000', '0.000000', '2015-12-01 00:00:00', '2016-04-13 00:00:00'),
(30, 'Prodaja drva', 'c1dbc3da-aecd-4d06-9a1d-f8d87e2133bf', '1', '4', 175, 'Mauris enim leo, rhoncus sed, vestibulum sit amet, cursus id, turpis.', '5', '10', '38', '40.jpg', 1, 1, '0.000000', '0.000000', '2015-12-20 00:00:00', '2015-09-25 00:00:00'),
(31, 'Prodaja drva za lozenje', '4e9dc171-5da9-4b3a-9474-3f50fab938dc', '3', '3', 467, 'Pellentesque ultrices mattis odio.', '30', '5', '122', '10.jpg', 0, 1, '0.000000', '0.000000', '2015-12-27 00:00:00', '2016-05-31 00:00:00'),
(32, 'Prodajem drva', 'cfbdd6cc-38b1-4cd2-9b6b-c5db28d1bba8', '1', '3', 897, 'Lorem ipsum dolor sit amet, consectetuer adipiscing elit.', '46', '2', '6', '60.jpg', 0, 0, '0.000000', '0.000000', '2016-06-06 00:00:00', '2016-06-20 00:00:00'),
(33, 'Ogrjevna drva prodajem', '2d44eac8-cf70-4a5c-b5e0-dfc0a038f558', '3', '4', 192, 'Nullam orci pede, venenatis non, sodales sed, tincidunt eu, felis.', '25', '6', '55', '20.jpg', 0, 1, '0.000000', '0.000000', '2016-02-27 00:00:00', '2016-03-05 00:00:00'),
(34, 'Prodaja drva', '4c67c09e-c40a-4229-b43d-7526237f53e4', '1', '4', 590, 'Pellentesque eget nunc. Donec quis orci eget orci vehicula condimentum.', '21', '10', '120', '30.jpg', 1, 1, '0.000000', '0.000000', '2015-12-20 00:00:00', '2015-11-21 00:00:00'),
(35, 'Prodajem drva za ogrijev', '3f7bd900-34db-4679-a80b-5e0ba7e229ff', '2', '2', 346, 'Praesent lectus.', '19', '9', '125', '30.jpg', 1, 1, '0.000000', '0.000000', '2016-06-05 00:00:00', '2015-10-11 00:00:00'),
(36, 'Prodajem drva', '31065012-921d-45a8-b958-b3669eaf4b54', '1', '1', 337, 'Pellentesque at nulla. Suspendisse potenti.', '12', '2', '57', '40.jpg', 1, 0, '0.000000', '0.000000', '2016-06-15 00:00:00', '2016-06-24 00:00:00'),
(37, 'Ogrjevna drva prodajem', '270f4d95-1159-4dc5-80df-3d055ca5ff3e', '3', '2', 215, 'Fusce posuere felis sed lacus. Morbi sem mauris, laoreet ut, rhoncus aliquet, pulvinar sed, nisl.', '19', '19', '65', '30.jpg', 0, 1, '0.000000', '0.000000', '2015-12-08 00:00:00', '2016-07-26 00:00:00'),
(38, 'Prodajem drva za ogrijev', '373d51d8-61a5-4083-9173-714116527159', '3', '2', 869, 'Sed ante. Vivamus tortor.', '48', '21', '54', '50.jpg', 1, 1, '0.000000', '0.000000', '2016-04-05 00:00:00', '2016-04-14 00:00:00'),
(39, 'Ogrjevna drva prodajem', 'cde04b5d-8c6e-4245-ad5a-d710fa1a5e4a', '1', '1', 152, 'Fusce consequat. Nulla nisl.', '43', '1', '104', '30.jpg', 0, 0, '0.000000', '0.000000', '2016-07-01 00:00:00', '2016-04-11 00:00:00'),
(40, 'Prodaja drva za lozenje', '591f9d04-74e4-4b6a-a187-a670e99eafe7', '1', '4', 278, 'Nulla ac enim. In tempor, turpis nec euismod scelerisque, quam turpis adipiscing lorem, vitae mattis nibh ligula nec sem.', '4', '5', '14', '50.jpg', 0, 0, '0.000000', '0.000000', '2016-07-03 00:00:00', '2016-08-13 14:45:25'),
(41, 'Prodaja drva', '47f8a76c-b2d4-4461-b428-735484ff2a00', '2', '1', 785, 'Phasellus in felis.', '25', '5', '37', '40.jpg', 0, 1, '0.000000', '0.000000', '2015-11-14 00:00:00', '2015-12-20 00:00:00'),
(42, 'Drva za ogrijev', '3ab34999-441d-4833-90ca-78324e557889', '2', '1', 478, 'Fusce consequat. Nulla nisl.', '16', '4', '29', '30.jpg', 0, 0, '0.000000', '0.000000', '2016-05-03 00:00:00', '2016-05-05 00:00:00'),
(43, 'Prodaja drva za lozenje', '965661f5-a120-4489-aa9c-f06af6e6de49', '3', '1', 144, 'Quisque erat eros, viverra eget, congue eget, semper rutrum, nulla.', '42', '17', '59', '10.jpg', 1, 1, '0.000000', '0.000000', '2016-04-29 00:00:00', '2015-10-27 00:00:00'),
(44, 'Prodajem drva za ogrijev', 'd6b2bf83-df62-417c-8d78-a6f07f2ac3c0', '1', '4', 250, 'In sagittis dui vel nisl. Duis ac nibh.', '18', '15', '40', '60.jpg', 1, 0, '0.000000', '0.000000', '2016-04-02 00:00:00', '2015-08-09 00:00:00'),
(45, 'Prodaja drva za lozenje', '5afe38fd-c26a-4377-bae3-16a1e55c985f', '3', '4', 308, 'Nulla justo.', '33', '13', '66', '10.jpg', 0, 1, '0.000000', '0.000000', '2016-01-14 00:00:00', '2015-12-13 00:00:00'),
(46, 'Prodaja drva za lozenje', 'b636da11-69d1-47b5-a7fe-5423bc1f818f', '2', '3', 329, 'Donec semper sapien a libero.', '40', '1', '117', '50.jpg', 0, 0, '0.000000', '0.000000', '2016-02-25 00:00:00', '2016-02-18 00:00:00'),
(47, 'Prodaja drva za lozenje', '5cfeb07b-2757-4436-8943-07c9937bb36b', '2', '1', 428, 'Donec dapibus.', '33', '2', '120', '40.jpg', 1, 1, '0.000000', '0.000000', '2015-11-03 00:00:00', '2016-01-28 00:00:00'),
(48, 'Prodajem drva za ogrijev', '1489a24e-2313-4fc9-a4e4-b74e74fa79e0', '2', '1', 536, 'Vivamus in felis eu sapien cursus vestibulum. Proin eu mi.', '30', '7', '55', '20.jpg', 0, 0, '0.000000', '0.000000', '2016-05-08 00:00:00', '2015-11-22 00:00:00'),
(49, 'Prodajem drva', '1c22ca5e-8250-4882-b87e-93fd80fed51f', '2', '4', 898, 'Phasellus sit amet erat.', '46', '6', '103', '50.jpg', 0, 0, '0.000000', '0.000000', '2015-12-20 00:00:00', '2016-03-08 00:00:00'),
(50, 'Prodaja drva za lozenje', '024c2f6d-06ec-4e7f-b7ab-37388a1fc2b5', '2', '3', 622, 'Etiam vel augue. Vestibulum rutrum rutrum neque.', '30', '13', '48', '10.jpg', 1, 0, '0.000000', '0.000000', '2015-10-30 00:00:00', '2015-10-10 00:00:00'),
(51, 'Prodajem drva za ogrijev', '4f4eaf31-667a-4fde-90a4-b1f49906cfed', '3', '4', 289, 'Fusce congue, diam id ornare imperdiet, sapien urna pretium nisl, ut volutpat sapien arcu sed augue. Aliquam erat volutpat.', '49', '19', '33', '10.jpg', 0, 1, '0.000000', '0.000000', '2016-04-27 00:00:00', '2016-05-28 00:00:00'),
(52, 'Ogrjevna drva prodajem', '2739a434-1c1b-4243-876a-bf63506266f4', '3', '1', 111, 'Nullam porttitor lacus at turpis.', '43', '13', '10', '40.jpg', 0, 1, '0.000000', '0.000000', '2015-12-28 00:00:00', '2016-01-03 00:00:00'),
(53, 'Prodajem drva za ogrijev', '4af0306f-b83a-4b35-9751-1bd898f98773', '3', '2', 710, 'Maecenas leo odio, condimentum id, luctus nec, molestie sed, justo.', '45', '21', '92', '20.jpg', 1, 1, '0.000000', '0.000000', '2016-06-10 00:00:00', '2016-03-23 00:00:00'),
(54, 'Prodaja drva za lozenje', '7c49c1df-8912-4e6b-8903-ff231e95b727', '1', '1', 424, 'Nulla ac enim.', '4', '18', '70', '40.jpg', 0, 0, '0.000000', '0.000000', '2016-07-22 00:00:00', '2015-08-13 00:00:00'),
(55, 'Prodajem drva za ogrijev', '8afb9ff7-b9f9-4a51-a5bb-5a122514e589', '2', '2', 862, 'Proin eu mi.', '8', '5', '117', '50.jpg', 0, 0, '0.000000', '0.000000', '2015-10-04 00:00:00', '2016-03-05 00:00:00'),
(56, 'Prodajem drva', 'b0b56ecc-5325-4fa9-85d0-c7e5f12a9c68', '1', '3', 573, 'Fusce lacus purus, aliquet at, feugiat non, pretium quis, lectus.', '28', '11', '94', '60.jpg', 1, 0, '0.000000', '0.000000', '2016-01-22 00:00:00', '2015-08-12 00:00:00'),
(57, 'Prodaja drva za lozenje', 'b80da4e3-17a4-44ff-aae3-1f2e3de3f548', '3', '1', 459, 'Nunc nisl.', '28', '8', '63', '30.jpg', 0, 0, '0.000000', '0.000000', '2016-05-26 00:00:00', '2015-11-06 00:00:00'),
(58, 'Prodajem drva', 'db7fdd51-13bd-42e2-8656-d553c8ec2271', '1', '3', 450, 'Quisque porta volutpat erat. Quisque erat eros, viverra eget, congue eget, semper rutrum, nulla.', '28', '20', '47', '20.jpg', 1, 1, '0.000000', '0.000000', '2016-04-04 00:00:00', '2015-12-22 00:00:00'),
(59, 'Drva za ogrijev', '32025249-7283-4b1a-891d-0e4ac40cc860', '1', '3', 204, 'Integer pede justo, lacinia eget, tincidunt eget, tempus vel, pede. Morbi porttitor lorem id ligula.', '45', '10', '60', '10.jpg', 1, 0, '0.000000', '0.000000', '2016-01-15 00:00:00', '2015-12-24 00:00:00'),
(60, 'Drva za ogrijev', '1379f456-f433-4d4e-8854-aa73d91afab3', '3', '3', 197, 'Nullam varius. Nulla facilisi.', '40', '3', '21', '10.jpg', 1, 1, '0.000000', '0.000000', '2015-11-16 00:00:00', '2016-08-06 00:00:00'),
(61, 'Drva za ogrijev', '75388916-b534-4c57-9d43-43b68d3026bc', '3', '3', 304, 'Duis aliquam convallis nunc. Proin at turpis a pede posuere nonummy.', '45', '15', '117', '10.jpg', 0, 1, '0.000000', '0.000000', '2016-07-02 00:00:00', '2015-09-20 00:00:00'),
(62, 'Prodaja drva za lozenje', 'aa71edf3-426e-4b58-9567-2e55d9ecf69f', '3', '1', 581, 'Praesent blandit lacinia erat. Vestibulum sed magna at nunc commodo placerat.', '31', '11', '127', '10.jpg', 1, 0, '0.000000', '0.000000', '2016-03-05 00:00:00', '2016-03-27 00:00:00'),
(63, 'Drva za ogrijev', 'f25c98a9-ddcb-41ae-9662-4b3d3369bb68', '2', '1', 934, 'Vestibulum quam sapien, varius ut, blandit non, interdum in, ante. Vestibulum ante ipsum primis in faucibus orci luctus et ultrices posuere cubilia Curae; Duis faucibus accumsan odio.', '48', '5', '121', '20.jpg', 1, 1, '0.000000', '0.000000', '2015-12-27 00:00:00', '2016-06-06 00:00:00'),
(64, 'Drva za ogrijev', '775245d7-f026-4a4b-baa4-46d440e5924e', '2', '1', 861, 'Etiam pretium iaculis justo. In hac habitasse platea dictumst.', '23', '21', '102', '50.jpg', 0, 1, '0.000000', '0.000000', '2016-01-29 00:00:00', '2016-03-27 00:00:00'),
(65, 'Ogrjevna drva prodajem', '867e85c4-751e-431e-965d-6654c85ffd55', '1', '3', 364, 'Vestibulum ante ipsum primis in faucibus orci luctus et ultrices posuere cubilia Curae; Donec pharetra, magna vestibulum aliquet ultrices, erat tortor sollicitudin mi, sit amet lobortis sapien sapien non mi. Integer ac neque.', '35', '6', '52', '20.jpg', 1, 1, '0.000000', '0.000000', '2016-04-30 00:00:00', '2016-01-15 00:00:00'),
(66, 'Prodaja drva za lozenje', '45e5a894-4cd9-4307-b7eb-28f18c3fb143', '1', '3', 147, 'Aenean fermentum. Donec ut mauris eget massa tempor convallis.', '29', '10', '6', '30.jpg', 0, 0, '0.000000', '0.000000', '2015-10-22 00:00:00', '2016-02-10 00:00:00'),
(67, 'Prodaja drva za lozenje', '567f104e-28cf-496a-85b6-896ed04ce348', '3', '4', 996, 'Sed vel enim sit amet nunc viverra dapibus.', '21', '19', '16', '30.jpg', 1, 1, '0.000000', '0.000000', '2016-07-12 00:00:00', '2015-11-05 00:00:00'),
(68, 'Prodaja drva za lozenje', '462d627d-5c8d-4f1e-be87-8228a40bca35', '3', '1', 838, 'Praesent blandit lacinia erat. Vestibulum sed magna at nunc commodo placerat.', '38', '11', '77', '10.jpg', 0, 1, '0.000000', '0.000000', '2015-10-18 00:00:00', '2016-01-23 00:00:00'),
(69, 'Prodajem drva', '2900ee4c-50af-4f26-9c54-19c7f2f02166', '3', '1', 272, 'Curabitur gravida nisi at nibh. In hac habitasse platea dictumst.', '7', '12', '104', '20.jpg', 1, 1, '0.000000', '0.000000', '2015-11-28 00:00:00', '2016-02-18 00:00:00'),
(70, 'Ogrjevna drva prodajem', '30c5f77a-e64f-48d0-90c7-e97c3fa3c927', '2', '1', 929, 'Maecenas tincidunt lacus at velit.', '22', '4', '8', '40.jpg', 0, 1, '0.000000', '0.000000', '2016-01-12 00:00:00', '2016-05-30 00:00:00'),
(71, 'Drva za ogrijev', '0eb084e9-af35-4747-9ad3-d8ca7dd4c445', '1', '1', 646, 'Nulla justo.', '26', '13', '100', '20.jpg', 0, 1, '0.000000', '0.000000', '2016-01-19 00:00:00', '2016-06-15 00:00:00'),
(72, 'Prodaja drva', 'fa66329f-be31-402d-bc76-2094d7dbd26b', '1', '3', 683, 'Cras in purus eu magna vulputate luctus.', '37', '6', '31', '60.jpg', 0, 1, '0.000000', '0.000000', '2015-09-16 00:00:00', '2015-11-10 00:00:00'),
(73, 'Prodajem drva za ogrijev', 'a36409b2-37c0-4784-8f45-68e43b460ec1', '2', '1', 276, 'Curabitur at ipsum ac tellus semper interdum. Mauris ullamcorper purus sit amet nulla.', '31', '13', '88', '30.jpg', 0, 0, '0.000000', '0.000000', '2016-04-12 00:00:00', '2015-12-16 00:00:00'),
(74, 'Prodaja drva za lozenje', 'b3874cc7-0ee9-43ef-8c4b-813493dc799b', '1', '2', 611, 'Sed vel enim sit amet nunc viverra dapibus. Nulla suscipit ligula in lacus.', '15', '18', '90', '60.jpg', 1, 0, '0.000000', '0.000000', '2015-11-15 00:00:00', '2015-10-15 00:00:00'),
(75, 'Prodajem drva', '4c546366-80ae-4ef0-83cb-c434145b471d', '3', '2', 608, 'Donec ut mauris eget massa tempor convallis. Nulla neque libero, convallis eget, eleifend luctus, ultricies eu, nibh.', '31', '14', '24', '40.jpg', 1, 0, '0.000000', '0.000000', '2015-08-29 00:00:00', '2015-11-11 00:00:00'),
(76, 'Prodajem drva', '38d4490b-634b-4720-a42e-491f8e3d1b4e', '1', '2', 564, 'In hac habitasse platea dictumst. Etiam faucibus cursus urna.', '48', '13', '57', '50.jpg', 0, 1, '0.000000', '0.000000', '2016-02-19 00:00:00', '2016-03-31 00:00:00'),
(77, 'Prodaja drva za lozenje', '39d9cacd-783f-4bd2-a182-b4d2574deb78', '3', '4', 933, 'Nullam orci pede, venenatis non, sodales sed, tincidunt eu, felis. Fusce posuere felis sed lacus.', '49', '6', '118', '60.jpg', 1, 0, '0.000000', '0.000000', '2016-03-07 00:00:00', '2015-08-15 00:00:00'),
(78, 'Prodajem drva za ogrijev', '62ea880d-3de6-403d-92f3-265247797918', '1', '4', 264, 'Sed accumsan felis. Ut at dolor quis odio consequat varius.', '22', '15', '121', '40.jpg', 1, 0, '0.000000', '0.000000', '2016-06-26 00:00:00', '2015-08-25 00:00:00'),
(79, 'Prodajem drva za ogrijev', '2520e61b-8176-488f-8ab7-2e40d403a44a', '1', '4', 105, 'Donec ut mauris eget massa tempor convallis. Nulla neque libero, convallis eget, eleifend luctus, ultricies eu, nibh.', '40', '5', '1', '50.jpg', 0, 1, '0.000000', '0.000000', '2016-07-03 00:00:00', '2015-12-31 00:00:00'),
(80, 'Prodajem drva za ogrijev', 'f50f77c1-c3dd-456c-aa64-078ff7990875', '1', '3', 386, 'Integer pede justo, lacinia eget, tincidunt eget, tempus vel, pede. Morbi porttitor lorem id ligula.', '15', '9', '121', '60.jpg', 1, 0, '0.000000', '0.000000', '2016-05-09 00:00:00', '2016-04-11 00:00:00'),
(81, 'Ogrjevna drva prodajem', 'ad38f1af-0c9f-43a9-8e3d-ab947fc4a84c', '2', '3', 271, 'Integer non velit.', '34', '14', '45', '50.jpg', 0, 1, '0.000000', '0.000000', '2016-07-03 00:00:00', '2015-11-24 00:00:00'),
(82, 'Prodaja drva', 'b9464de0-110d-43c7-b965-e1a47e32d04a', '1', '3', 638, 'Duis consequat dui nec nisi volutpat eleifend. Donec ut dolor.', '50', '18', '99', '30.jpg', 0, 0, '0.000000', '0.000000', '2016-05-04 00:00:00', '2015-11-07 00:00:00'),
(83, 'Prodaja drva za lozenje', 'edb8cf73-913c-46e5-a38c-b4ae815d02a2', '3', '1', 211, 'In hac habitasse platea dictumst.', '4', '16', '120', '60.jpg', 0, 1, '0.000000', '0.000000', '2016-03-11 00:00:00', '2016-01-12 00:00:00'),
(84, 'Prodajem drva za ogrijev', '2adfd9e0-c8b9-4acd-bae1-152ff14596af', '2', '1', 311, 'Pellentesque viverra pede ac diam.', '26', '16', '55', '10.jpg', 1, 0, '0.000000', '0.000000', '2016-07-15 00:00:00', '2016-04-23 00:00:00'),
(85, 'Prodaja drva za lozenje', 'aa5db137-9e3a-42f9-8e66-1806bc4ac8ab', '3', '4', 962, 'Suspendisse potenti. Cras in purus eu magna vulputate luctus.', '50', '2', '89', '60.jpg', 0, 0, '0.000000', '0.000000', '2016-06-09 00:00:00', '2016-02-24 00:00:00'),
(86, 'Prodaja drva', '28f77367-3e10-408e-b949-dbed76c04591', '2', '2', 597, 'Cum sociis natoque penatibus et magnis dis parturient montes, nascetur ridiculus mus.', '30', '16', '120', '10.jpg', 0, 0, '0.000000', '0.000000', '2016-03-29 00:00:00', '2015-08-29 00:00:00'),
(87, 'Ogrjevna drva prodajem', '02f409b0-169d-4769-a2fd-fd082c472ac1', '1', '3', 221, 'Duis mattis egestas metus.', '23', '7', '88', '30.jpg', 0, 0, '0.000000', '0.000000', '2016-04-27 00:00:00', '2015-11-28 00:00:00'),
(88, 'Prodajem drva', '7fdbeab4-c6fd-421f-80a0-eadb3d7aa945', '1', '3', 565, 'Donec quis orci eget orci vehicula condimentum.', '49', '1', '77', '10.jpg', 1, 1, '0.000000', '0.000000', '2015-10-24 00:00:00', '2016-08-03 00:00:00'),
(89, 'Drva za ogrijev', '0454a04d-32a4-438d-89ab-02369fd01191', '3', '3', 513, 'Vestibulum ante ipsum primis in faucibus orci luctus et ultrices posuere cubilia Curae; Duis faucibus accumsan odio.', '14', '13', '110', '40.jpg', 0, 0, '0.000000', '0.000000', '2016-04-24 00:00:00', '2015-08-16 00:00:00'),
(90, 'Prodajem drva', 'bf466ba8-8ff6-4077-b0ea-aa80c6f57329', '3', '1', 362, 'Suspendisse potenti.', '8', '5', '127', '30.jpg', 0, 1, '0.000000', '0.000000', '2016-01-16 00:00:00', '2016-06-27 00:00:00'),
(91, 'Prodajem drva', 'f6e13ba0-93d6-45bc-b2ef-eb2fa7b55543', '3', '2', 485, 'Suspendisse potenti. In eleifend quam a odio.', '11', '20', '4', '50.jpg', 0, 1, '0.000000', '0.000000', '2016-06-21 00:00:00', '2015-12-15 00:00:00'),
(92, 'Prodaja drva', 'a7fda8fc-7b1e-4de5-a74f-92d7b71e97ea', '2', '4', 854, 'Nullam porttitor lacus at turpis.', '11', '3', '79', '40.jpg', 1, 1, '0.000000', '0.000000', '2015-10-16 00:00:00', '2016-07-23 00:00:00'),
(93, 'Prodaja drva za lozenje', '71a006c1-ff9b-4334-be69-369061e14698', '1', '2', 322, 'Aliquam quis turpis eget elit sodales scelerisque. Mauris sit amet eros.', '26', '16', '101', '30.jpg', 0, 1, '0.000000', '0.000000', '2016-02-21 00:00:00', '2016-05-18 00:00:00'),
(94, 'Prodajem drva za ogrijev', '35b1862b-be84-439a-81c6-1a7cf95c1b71', '2', '4', 109, 'Quisque erat eros, viverra eget, congue eget, semper rutrum, nulla.', '14', '8', '55', '60.jpg', 0, 1, '0.000000', '0.000000', '2016-06-16 00:00:00', '2016-07-06 00:00:00'),
(95, 'Drva za ogrijev', 'af82cdbc-35b7-4e84-9c40-c83b37a749dd', '3', '4', 626, 'Phasellus in felis. Donec semper sapien a libero.', '18', '3', '11', '30.jpg', 1, 1, '0.000000', '0.000000', '2015-09-06 00:00:00', '2016-01-18 00:00:00'),
(96, 'Prodajem drva', 'af878925-1acd-4015-a8d6-cd64c1ebf994', '2', '2', 918, 'Aliquam quis turpis eget elit sodales scelerisque. Mauris sit amet eros.', '32', '15', '37', '30.jpg', 0, 1, '0.000000', '0.000000', '2015-12-10 00:00:00', '2016-02-09 00:00:00'),
(97, 'Prodaja drva za lozenje', 'ad1bf60e-ad4f-49d9-a60a-1d1e970d9af3', '2', '3', 696, 'In sagittis dui vel nisl. Duis ac nibh.', '25', '6', '48', '30.jpg', 1, 1, '0.000000', '0.000000', '2016-01-31 00:00:00', '2016-07-20 00:00:00'),
(98, 'Prodajem drva za ogrijev', 'aa9e5219-4290-4893-8285-c9d9bd82285e', '2', '3', 499, 'Aliquam sit amet diam in magna bibendum imperdiet. Nullam orci pede, venenatis non, sodales sed, tincidunt eu, felis.', '25', '4', '64', '50.jpg', 1, 1, '0.000000', '0.000000', '2015-08-30 00:00:00', '2016-04-26 00:00:00'),
(99, 'Prodaja drva za lozenje', 'd9aee4bc-e39d-4c15-97a8-ec97127fa50f', '2', '1', 529, 'Proin at turpis a pede posuere nonummy.', '4', '4', '69', '10.jpg', 0, 0, '0.000000', '0.000000', '2015-08-13 00:00:00', '2016-03-05 00:00:00'),
(100, 'Drva za ogrijev', '1a14ce6e-0f17-47bf-b16c-e41cad3c46ed', '1', '3', 305, 'Suspendisse potenti.', '31', '8', '96', '50.jpg', 0, 0, '0.000000', '0.000000', '2016-04-21 00:00:00', '2015-08-31 00:00:00'),
(101, 'Ogrjevna drva prodajem', '5b70971a-e409-4bec-b77c-d85b22394d3e', '3', '2', 433, 'Integer non velit.', '39', '18', '1', '50.jpg', 0, 1, '0.000000', '0.000000', '2016-06-02 00:00:00', '2016-04-18 00:00:00'),
(102, 'Prodaja drva', 'e7a88f05-8b4e-4abd-b69a-6482b62d1879', '2', '2', 302, 'Suspendisse potenti.', '36', '11', '30', '10.jpg', 1, 1, '0.000000', '0.000000', '2015-11-06 00:00:00', '2016-03-26 00:00:00'),
(103, 'Prodajem drva za ogrijev', 'f23a6da2-0ceb-485a-a907-f12d095ca67d', '1', '1', 490, 'Cum sociis natoque penatibus et magnis dis parturient montes, nascetur ridiculus mus.', '16', '4', '102', '30.jpg', 1, 1, '0.000000', '0.000000', '2016-01-21 00:00:00', '2016-03-29 00:00:00'),
(104, 'Drva za ogrijev', 'd4a37e19-b608-4ee8-a380-468cd0de9d67', '3', '1', 383, 'Mauris ullamcorper purus sit amet nulla. Quisque arcu libero, rutrum ac, lobortis vel, dapibus at, diam.', '46', '4', '106', '40.jpg', 0, 1, '0.000000', '0.000000', '2016-07-21 00:00:00', '2015-11-17 00:00:00'),
(105, 'Prodaja drva', '179886d3-bf83-440c-bc56-156a0b5402b8', '1', '2', 315, 'Nam dui.', '44', '3', '127', '50.jpg', 1, 1, '0.000000', '0.000000', '2016-07-08 00:00:00', '2016-07-06 00:00:00'),
(106, 'Prodaja drva za lozenje', '3d568965-590a-47ae-96a1-6124899558a0', '3', '4', 324, 'Donec odio justo, sollicitudin ut, suscipit a, feugiat et, eros.', '24', '18', '96', '50.jpg', 0, 0, '0.000000', '0.000000', '2015-09-09 00:00:00', '2016-05-03 00:00:00'),
(107, 'Prodaja drva za lozenje', '2fb59168-1502-46b3-a8f6-cd086fe62f35', '1', '2', 311, 'Suspendisse potenti. Cras in purus eu magna vulputate luctus.', '19', '4', '34', '20.jpg', 0, 1, '0.000000', '0.000000', '2015-11-08 00:00:00', '2016-01-02 00:00:00'),
(108, 'Prodajem drva', '1309a9d3-8fab-41bb-b685-56553261d608', '3', '3', 820, 'Vestibulum ante ipsum primis in faucibus orci luctus et ultrices posuere cubilia Curae; Mauris viverra diam vitae quam.', '35', '4', '5', '40.jpg', 1, 0, '0.000000', '0.000000', '2016-02-05 00:00:00', '2016-04-07 00:00:00'),
(109, 'Prodaja drva za lozenje', '2b141222-ec63-4049-b237-9a4ff1e94620', '1', '1', 188, 'Vivamus vestibulum sagittis sapien.', '16', '4', '65', '50.jpg', 1, 0, '0.000000', '0.000000', '2016-06-26 00:00:00', '2015-08-25 00:00:00'),
(110, 'Prodajem drva', '3023270e-c617-4658-ad56-eba40d1d231a', '3', '2', 647, 'Phasellus id sapien in sapien iaculis congue. Vivamus metus arcu, adipiscing molestie, hendrerit at, vulputate vitae, nisl.', '46', '1', '51', '30.jpg', 1, 0, '0.000000', '0.000000', '2015-08-26 00:00:00', '2016-05-17 00:00:00'),
(111, 'Prodaja drva za lozenje', '6d82b303-0491-4f57-9dc7-d25d52f40396', '2', '2', 236, 'Maecenas ut massa quis augue luctus tincidunt. Nulla mollis molestie lorem.', '17', '4', '91', '30.jpg', 0, 0, '0.000000', '0.000000', '2016-07-07 00:00:00', '2016-01-09 00:00:00'),
(112, 'Prodaja drva', '116f079f-a2c8-4ea3-b44c-3c86f11e4f18', '3', '3', 430, 'Nulla justo.', '35', '6', '3', '50.jpg', 0, 0, '0.000000', '0.000000', '2016-01-24 00:00:00', '2016-06-15 00:00:00'),
(113, 'Prodajem drva za ogrijev', '9c2b2b4c-1404-421f-92d7-7f198f99cfa4', '2', '1', 922, 'Duis ac nibh.', '47', '2', '74', '30.jpg', 0, 1, '0.000000', '0.000000', '2016-07-12 00:00:00', '2016-03-11 00:00:00'),
(114, 'Drva za ogrijev', '86f182ab-195d-45f8-9a53-8ebab68401d7', '2', '2', 337, 'Integer non velit.', '35', '3', '123', '40.jpg', 1, 1, '0.000000', '0.000000', '2015-12-13 00:00:00', '2016-06-10 00:00:00'),
(115, 'Prodajem drva za ogrijev', 'd5649870-3f42-48f4-9490-dc771161c668', '1', '4', 807, 'Nulla tempus. Vivamus in felis eu sapien cursus vestibulum.', '19', '16', '91', '10.jpg', 0, 1, '0.000000', '0.000000', '2015-12-15 00:00:00', '2016-06-03 00:00:00'),
(116, 'Drva za ogrijev', 'd0dc90cc-5744-42b6-86dc-1ea7f022798b', '1', '4', 652, 'In sagittis dui vel nisl.', '16', '4', '14', '50.jpg', 1, 0, '0.000000', '0.000000', '2016-01-27 00:00:00', '2016-04-16 00:00:00'),
(117, 'Prodajem drva za ogrijev', '63718773-44d8-40cc-a082-19c53d824b0c', '3', '4', 363, 'Pellentesque eget nunc.', '10', '20', '92', '10.jpg', 0, 1, '0.000000', '0.000000', '2016-02-16 00:00:00', '2015-11-22 00:00:00'),
(118, 'Prodaja drva', 'e9f646bb-a9ab-49f7-ae76-921f35b5f27c', '3', '3', 750, 'Nullam sit amet turpis elementum ligula vehicula consequat. Morbi a ipsum.', '45', '11', '20', '10.jpg', 0, 0, '0.000000', '0.000000', '2016-04-07 00:00:00', '2016-07-04 00:00:00'),
(119, 'Prodajem drva za ogrijev', '817f62ca-9fd4-4f5b-9c41-545f11bb1796', '2', '3', 831, 'In hac habitasse platea dictumst. Maecenas ut massa quis augue luctus tincidunt.', '39', '13', '25', '30.jpg', 0, 1, '0.000000', '0.000000', '2015-09-13 00:00:00', '2016-02-25 00:00:00'),
(120, 'Ogrjevna drva prodajem', '8f3ebe35-7df2-4bbf-9839-60a27f7c3ace', '1', '4', 400, 'Nulla ut erat id mauris vulputate elementum. Nullam varius.', '48', '14', '7', '10.jpg', 1, 0, '0.000000', '0.000000', '2016-03-14 00:00:00', '2015-10-26 00:00:00'),
(121, 'Drva za ogrijev', '235d379a-0e34-4bc7-98a0-ebec2229b66e', '1', '1', 184, 'Proin interdum mauris non ligula pellentesque ultrices.', '32', '21', '85', '30.jpg', 1, 1, '0.000000', '0.000000', '2015-10-17 00:00:00', '2015-12-29 00:00:00'),
(122, 'Prodajem drva za ogrijev', '5e0438cb-3f46-44af-9921-db410adc9160', '2', '1', 320, 'Sed accumsan felis. Ut at dolor quis odio consequat varius.', '23', '21', '106', '60.jpg', 0, 1, '0.000000', '0.000000', '2016-01-24 00:00:00', '2015-09-20 00:00:00'),
(123, 'Prodaja drva', 'f8006674-eb78-4635-9c0d-e81d09458211', '2', '1', 743, 'In hac habitasse platea dictumst.', '25', '3', '76', '40.jpg', 0, 1, '0.000000', '0.000000', '2015-10-25 00:00:00', '2016-02-13 00:00:00'),
(124, 'Prodajem drva', '8a08b788-4e0b-4b41-ae28-acb2f6bb738c', '1', '1', 557, 'Sed sagittis. Nam congue, risus semper porta volutpat, quam pede lobortis ligula, sit amet eleifend pede libero quis orci.', '50', '17', '93', '40.jpg', 0, 0, '0.000000', '0.000000', '2016-06-15 00:00:00', '2016-03-07 00:00:00'),
(125, 'Prodajem drva', '179e938b-f89a-415b-baef-650b64bd8cfe', '3', '1', 373, 'Integer a nibh.', '11', '1', '110', '40.jpg', 0, 1, '0.000000', '0.000000', '2016-01-08 00:00:00', '2015-08-17 00:00:00'),
(126, 'Drva za ogrijev', '084a92b1-bfce-4593-9a6b-95c1853ff849', '2', '1', 187, 'In quis justo.', '24', '4', '55', '40.jpg', 0, 1, '0.000000', '0.000000', '2016-02-12 00:00:00', '2015-09-02 00:00:00'),
(127, 'Prodaja drva', 'f7b2bde0-3579-4d7d-8301-96b0ea9f109d', '3', '1', 878, 'Curabitur at ipsum ac tellus semper interdum. Mauris ullamcorper purus sit amet nulla.', '48', '1', '106', '60.jpg', 1, 0, '0.000000', '0.000000', '2016-07-08 00:00:00', '2016-04-03 00:00:00'),
(128, 'Prodaja drva', 'ea35d2e2-dce6-4508-b976-68a38dd00dde', '2', '3', 989, 'Integer ac neque. Duis bibendum.', '4', '9', '84', '40.jpg', 0, 0, '0.000000', '0.000000', '2016-01-16 00:00:00', '2016-08-13 14:45:25'),
(129, 'Prodajem drva', '8db86aba-80c8-4d8e-a37b-0f2bb4f7c095', '2', '2', 178, 'Nunc nisl.', '16', '15', '65', '10.jpg', 0, 0, '0.000000', '0.000000', '2015-12-30 00:00:00', '2016-05-04 00:00:00'),
(130, 'Prodaja drva za lozenje', '5ba3a789-4625-4f75-ae1e-fadc36a3a265', '3', '1', 193, 'Duis bibendum. Morbi non quam nec dui luctus rutrum.', '32', '19', '13', '20.jpg', 1, 1, '0.000000', '0.000000', '2016-07-10 00:00:00', '2015-10-03 00:00:00'),
(131, 'Prodaja drva za lozenje', '02a40824-f896-40c2-9d5d-2f60a34382d6', '3', '4', 479, 'Proin at turpis a pede posuere nonummy. Integer non velit.', '17', '13', '71', '20.jpg', 1, 0, '0.000000', '0.000000', '2015-12-10 00:00:00', '2015-08-31 00:00:00'),
(132, 'Prodaja drva', 'c82f2cfe-d4b5-40d6-96b5-5a9312c3218e', '1', '4', 842, 'Aenean auctor gravida sem. Praesent id massa id nisl venenatis lacinia.', '36', '16', '108', '20.jpg', 1, 1, '0.000000', '0.000000', '2016-06-15 00:00:00', '2015-09-13 00:00:00'),
(133, 'Prodajem drva', 'b4c3de59-3e6e-4a31-ae09-a26e7e77dec5', '1', '1', 295, 'Vestibulum quam sapien, varius ut, blandit non, interdum in, ante.', '39', '2', '98', '50.jpg', 0, 0, '0.000000', '0.000000', '2016-03-06 00:00:00', '2015-10-26 00:00:00'),
(134, 'Drva za ogrijev', 'f48ca289-c86d-4378-9ecd-430501f092bf', '1', '2', 197, 'Duis aliquam convallis nunc. Proin at turpis a pede posuere nonummy.', '34', '13', '112', '20.jpg', 0, 1, '0.000000', '0.000000', '2016-04-21 00:00:00', '2015-11-30 00:00:00'),
(135, 'Prodajem drva za ogrijev', '82fad1a9-eb19-4396-a690-38e6a7da1729', '1', '3', 967, 'Aenean sit amet justo. Morbi ut odio.', '35', '8', '89', '50.jpg', 0, 0, '0.000000', '0.000000', '2016-02-21 00:00:00', '2016-07-01 00:00:00'),
(136, 'Prodajem drva za ogrijev', '75a684a4-0da5-4256-b889-577ad90655e1', '1', '1', 966, 'Morbi vel lectus in quam fringilla rhoncus.', '11', '18', '86', '30.jpg', 1, 1, '0.000000', '0.000000', '2015-09-13 00:00:00', '2016-01-26 00:00:00'),
(137, 'Ogrjevna drva prodajem', 'bc9b1f96-49ca-4fd9-9037-0de4c16b4954', '2', '3', 913, 'Aliquam sit amet diam in magna bibendum imperdiet. Nullam orci pede, venenatis non, sodales sed, tincidunt eu, felis.', '44', '6', '124', '60.jpg', 1, 0, '0.000000', '0.000000', '2015-10-31 00:00:00', '2016-05-15 00:00:00'),
(138, 'Prodaja drva za lozenje', '2fc84c1a-5e3c-4435-8f5d-dc11e18d766d', '1', '3', 282, 'Aliquam erat volutpat.', '37', '8', '114', '50.jpg', 1, 0, '0.000000', '0.000000', '2015-11-22 00:00:00', '2016-02-20 00:00:00'),
(139, 'Prodajem drva za ogrijev', 'fea03dc6-eae0-4afb-8151-aae6287f0926', '3', '2', 491, 'Nulla ac enim.', '16', '8', '127', '50.jpg', 0, 0, '0.000000', '0.000000', '2015-10-27 00:00:00', '2016-01-13 00:00:00'),
(140, 'Prodaja drva za lozenje', 'b10487d6-ea34-48d5-90b7-8f2b11b5653f', '2', '3', 256, 'Fusce consequat.', '49', '12', '43', '40.jpg', 1, 0, '0.000000', '0.000000', '2016-04-25 00:00:00', '2015-11-11 00:00:00'),
(141, 'Prodajem drva za ogrijev', '775eb983-60c5-496d-bb6e-33a941ff545b', '2', '3', 950, 'Vestibulum ante ipsum primis in faucibus orci luctus et ultrices posuere cubilia Curae; Mauris viverra diam vitae quam.', '26', '15', '83', '10.jpg', 0, 1, '0.000000', '0.000000', '2015-11-10 00:00:00', '2016-02-12 00:00:00'),
(142, 'Prodaja drva', 'c7171a6a-d0f6-4b6b-9960-37dcb3fb48cf', '3', '1', 108, 'Integer a nibh. In quis justo.', '23', '6', '25', '40.jpg', 1, 1, '0.000000', '0.000000', '2015-10-17 00:00:00', '2016-08-02 00:00:00'),
(143, 'Prodajem drva', '0b3276cf-044b-42eb-bc88-e7bce86ce56b', '2', '1', 153, 'Maecenas tincidunt lacus at velit. Vivamus vel nulla eget eros elementum pellentesque.', '31', '18', '113', '60.jpg', 1, 1, '0.000000', '0.000000', '2016-05-23 00:00:00', '2016-02-28 00:00:00'),
(144, 'Prodajem drva', '3c46f9f2-71c4-4472-a652-f3516f6994be', '3', '3', 226, 'Sed sagittis. Nam congue, risus semper porta volutpat, quam pede lobortis ligula, sit amet eleifend pede libero quis orci.', '20', '6', '74', '50.jpg', 1, 1, '0.000000', '0.000000', '2016-08-03 00:00:00', '2016-02-23 00:00:00'),
(145, 'Prodaja drva za lozenje', 'f5ee6a59-5a8d-433e-9538-18f7466a194a', '2', '4', 247, 'Maecenas pulvinar lobortis est. Phasellus sit amet erat.', '41', '21', '9', '20.jpg', 1, 0, '0.000000', '0.000000', '2016-02-02 00:00:00', '2016-07-21 00:00:00'),
(146, 'Drva za ogrijev', '62c0a196-21b5-42e9-af04-235658bd609e', '2', '1', 740, 'Quisque erat eros, viverra eget, congue eget, semper rutrum, nulla. Nunc purus.', '28', '14', '45', '20.jpg', 1, 0, '0.000000', '0.000000', '2016-04-03 00:00:00', '2016-04-16 00:00:00'),
(147, 'Prodajem drva', 'b2089161-9ac1-4a7f-9f4f-3a9fce87dba9', '3', '2', 918, 'Vestibulum rutrum rutrum neque.', '13', '8', '93', '50.jpg', 0, 1, '0.000000', '0.000000', '2015-08-09 00:00:00', '2016-01-21 00:00:00'),
(148, 'Prodajem drva', '531770fa-56c7-4746-b6eb-50ea64b2af23', '2', '1', 553, 'Morbi ut odio. Cras mi pede, malesuada in, imperdiet et, commodo vulputate, justo.', '47', '2', '115', '20.jpg', 1, 0, '0.000000', '0.000000', '2016-05-26 00:00:00', '2016-05-21 00:00:00'),
(149, 'Drva za ogrijev', '314d290c-2e2a-47b3-a42b-3f8ff0dff4d6', '1', '3', 569, 'In congue.', '38', '6', '101', '30.jpg', 1, 1, '0.000000', '0.000000', '2016-02-22 00:00:00', '2016-03-18 00:00:00'),
(150, 'Prodaja drva za lozenje', 'acecf057-9394-45b3-8cc0-ec18cd62c2c0', '3', '4', 457, 'Quisque ut erat.', '43', '14', '30', '30.jpg', 1, 1, '0.000000', '0.000000', '2015-10-10 00:00:00', '2015-10-19 00:00:00'),
(151, 'Prodajem drva za ogrijev', '811651f9-eb72-44fd-a17b-6a7e1689baa7', '1', '2', 471, 'Duis ac nibh.', '28', '11', '72', '30.jpg', 1, 0, '0.000000', '0.000000', '2015-12-24 00:00:00', '2016-03-10 00:00:00'),
(152, 'Prodajem drva za ogrijev', '6ebd6644-a7ef-4b88-9ff8-aabeed3c8382', '2', '1', 716, 'Proin eu mi.', '38', '5', '26', '40.jpg', 0, 0, '0.000000', '0.000000', '2016-07-02 00:00:00', '2016-01-17 00:00:00'),
(153, 'Ogrjevna drva prodajem', '440b42fa-ba23-4a11-a8e2-d1354f4a23ee', '3', '4', 615, 'Nulla nisl. Nunc nisl.', '22', '7', '89', '50.jpg', 0, 0, '0.000000', '0.000000', '2016-07-23 00:00:00', '2015-11-01 00:00:00'),
(154, 'Ogrjevna drva prodajem', '47baf397-d488-4d97-abfe-4a9643108c43', '2', '3', 637, 'Nulla nisl.', '22', '10', '64', '40.jpg', 0, 0, '0.000000', '0.000000', '2015-12-06 00:00:00', '2015-10-15 00:00:00'),
(155, 'Drva za ogrijev', 'dbc12590-6e76-40c5-ae16-799741275344', '3', '3', 608, 'Cras mi pede, malesuada in, imperdiet et, commodo vulputate, justo. In blandit ultrices enim.', '46', '15', '19', '50.jpg', 0, 1, '0.000000', '0.000000', '2016-07-04 00:00:00', '2015-08-08 00:00:00'),
(156, 'Prodaja drva', '614bb7c0-3774-4510-8434-a94753bd659c', '3', '3', 935, 'Morbi sem mauris, laoreet ut, rhoncus aliquet, pulvinar sed, nisl. Nunc rhoncus dui vel sem.', '22', '11', '14', '10.jpg', 0, 1, '0.000000', '0.000000', '2016-02-14 00:00:00', '2016-03-08 00:00:00'),
(157, 'Prodaja drva', 'c56f7a84-fe42-4aa7-91b0-ad711d85a4da', '1', '4', 543, 'Morbi sem mauris, laoreet ut, rhoncus aliquet, pulvinar sed, nisl. Nunc rhoncus dui vel sem.', '7', '19', '124', '20.jpg', 0, 1, '0.000000', '0.000000', '2015-09-18 00:00:00', '2015-10-09 00:00:00'),
(158, 'Prodaja drva', 'a3d9adc3-5310-42be-894c-f27801c8a580', '2', '3', 664, 'Aliquam erat volutpat. In congue.', '21', '18', '77', '30.jpg', 1, 0, '0.000000', '0.000000', '2015-09-05 00:00:00', '2016-05-07 00:00:00'),
(159, 'Prodaja drva za lozenje', 'e5994a78-56f3-4a42-805e-01bd19fde131', '3', '3', 833, 'Duis ac nibh. Fusce lacus purus, aliquet at, feugiat non, pretium quis, lectus.', '21', '12', '116', '20.jpg', 1, 1, '0.000000', '0.000000', '2016-05-31 00:00:00', '2015-08-26 00:00:00'),
(160, 'Prodaja drva za lozenje', '3dda21d8-815d-472c-9df9-a1938d872c62', '3', '1', 118, 'In hac habitasse platea dictumst. Morbi vestibulum, velit id pretium iaculis, diam erat fermentum justo, nec condimentum neque sapien placerat ante.', '9', '5', '19', '40.jpg', 0, 0, '0.000000', '0.000000', '2016-03-23 00:00:00', '2016-02-17 00:00:00'),
(161, 'Ogrjevna drva prodajem', '09fc017a-cc7a-4cd3-acb0-fd26ed8254b8', '2', '1', 662, 'Nullam sit amet turpis elementum ligula vehicula consequat.', '23', '10', '57', '20.jpg', 0, 1, '0.000000', '0.000000', '2015-12-28 00:00:00', '2016-01-16 00:00:00'),
(162, 'Prodajem drva', '81b7385c-5d5f-4197-ad55-0205902debcf', '2', '1', 969, 'Donec ut mauris eget massa tempor convallis. Nulla neque libero, convallis eget, eleifend luctus, ultricies eu, nibh.', '41', '1', '111', '50.jpg', 0, 1, '0.000000', '0.000000', '2016-07-26 00:00:00', '2016-05-02 00:00:00'),
(163, 'Ogrjevna drva prodajem', '95bd9cde-09b5-4262-8cb0-70b8c65ea23e', '2', '4', 724, 'Nam dui. Proin leo odio, porttitor id, consequat in, consequat ut, nulla.', '15', '2', '28', '40.jpg', 1, 1, '0.000000', '0.000000', '2015-09-28 00:00:00', '2015-10-08 00:00:00'),
(164, 'Prodajem drva za ogrijev', 'decb2ca7-6561-45c7-9a1a-b912589a0114', '3', '4', 697, 'Nulla suscipit ligula in lacus. Curabitur at ipsum ac tellus semper interdum.', '8', '1', '89', '30.jpg', 1, 1, '0.000000', '0.000000', '2015-11-26 00:00:00', '2016-08-02 00:00:00'),
(165, 'Prodajem drva', '2e5b4761-1213-4920-a1c4-6c2521b1e4a8', '3', '4', 631, 'Nam ultrices, libero non mattis pulvinar, nulla pede ullamcorper augue, a suscipit nulla elit ac nulla. Sed vel enim sit amet nunc viverra dapibus.', '12', '8', '56', '10.jpg', 1, 1, '0.000000', '0.000000', '2015-12-23 00:00:00', '2016-05-07 00:00:00'),
(166, 'Drva za ogrijev', 'e7eb315f-c882-4388-b9e3-b06a226b4781', '2', '3', 818, 'In sagittis dui vel nisl.', '19', '10', '23', '10.jpg', 1, 0, '0.000000', '0.000000', '2015-11-13 00:00:00', '2016-07-24 00:00:00'),
(167, 'Prodaja drva', 'b44a42eb-5a7f-4208-b7db-3466a07f52e6', '3', '3', 913, 'Ut tellus.', '47', '21', '21', '40.jpg', 0, 1, '0.000000', '0.000000', '2016-05-23 00:00:00', '2016-05-15 00:00:00'),
(168, 'Prodaja drva', '0bc06322-56bb-481e-8452-eb2bc321be49', '2', '4', 276, 'Maecenas tincidunt lacus at velit. Vivamus vel nulla eget eros elementum pellentesque.', '30', '18', '113', '40.jpg', 0, 0, '0.000000', '0.000000', '2015-09-13 00:00:00', '2016-04-04 00:00:00'),
(169, 'Prodajem drva', '4b01028f-2196-4054-a12e-5955335f688b', '1', '3', 540, 'Vivamus in felis eu sapien cursus vestibulum.', '31', '12', '70', '40.jpg', 0, 1, '0.000000', '0.000000', '2015-09-04 00:00:00', '2016-02-23 00:00:00'),
(170, 'Prodaja drva za lozenje', '26e0b57a-165e-437a-aa1a-73993d303446', '2', '4', 605, 'Morbi vestibulum, velit id pretium iaculis, diam erat fermentum justo, nec condimentum neque sapien placerat ante.', '5', '14', '42', '10.jpg', 1, 1, '0.000000', '0.000000', '2016-06-09 00:00:00', '2016-03-09 00:00:00'),
(171, 'Prodajem drva', '6d868edc-f043-4e90-8290-735e66e79ab5', '1', '2', 394, 'Praesent id massa id nisl venenatis lacinia. Aenean sit amet justo.', '18', '1', '67', '20.jpg', 0, 0, '0.000000', '0.000000', '2015-11-04 00:00:00', '2016-04-12 00:00:00'),
(172, 'Drva za ogrijev', 'ad39388b-9d0f-4acd-b6c6-44951c400983', '3', '4', 714, 'Proin leo odio, porttitor id, consequat in, consequat ut, nulla.', '8', '12', '63', '60.jpg', 1, 0, '0.000000', '0.000000', '2015-10-05 00:00:00', '2016-06-08 00:00:00'),
(173, 'Prodajem drva', '9cf28698-4cf7-4ff8-a025-11a2a6a5e32f', '2', '1', 369, 'Nunc purus.', '48', '2', '127', '50.jpg', 0, 0, '0.000000', '0.000000', '2016-05-22 00:00:00', '2016-05-07 00:00:00'),
(174, 'Prodajem drva', 'b2cca777-4bae-423c-9e7c-e3f19059bc85', '3', '4', 359, 'In congue. Etiam justo.', '47', '7', '50', '40.jpg', 0, 0, '0.000000', '0.000000', '2016-07-26 00:00:00', '2016-05-15 00:00:00'),
(175, 'Ogrjevna drva prodajem', '4e8e90cb-0a07-4bb4-b336-36a9f44230ff', '1', '3', 130, 'Aenean auctor gravida sem.', '11', '20', '116', '40.jpg', 0, 1, '0.000000', '0.000000', '2016-06-09 00:00:00', '2016-02-04 00:00:00'),
(176, 'Prodajem drva', '35b5fe20-0b77-4e19-8843-53f285f04e50', '1', '2', 298, 'Donec ut dolor. Morbi vel lectus in quam fringilla rhoncus.', '37', '7', '64', '20.jpg', 1, 1, '0.000000', '0.000000', '2016-02-28 00:00:00', '2016-03-27 00:00:00'),
(177, 'Prodajem drva za ogrijev', '63bc9694-3077-4826-9590-0539543096a2', '3', '2', 986, 'Nullam molestie nibh in lectus. Pellentesque at nulla.', '15', '15', '127', '30.jpg', 0, 1, '0.000000', '0.000000', '2015-12-01 00:00:00', '2016-02-24 00:00:00'),
(178, 'Drva za ogrijev', '72e25a4a-c7c8-4eed-962d-71e06edd2e04', '2', '2', 950, 'In eleifend quam a odio.', '18', '9', '35', '10.jpg', 1, 1, '0.000000', '0.000000', '2015-10-21 00:00:00', '2016-07-11 00:00:00'),
(179, 'Prodaja drva za lozenje', 'ab71e87b-3f2b-4e48-9f80-8fc8af92d805', '2', '4', 106, 'Etiam pretium iaculis justo.', '17', '4', '69', '20.jpg', 1, 1, '0.000000', '0.000000', '2016-03-14 00:00:00', '2015-10-20 00:00:00'),
(180, 'Prodaja drva', 'b5c5de16-4107-4b10-90af-712930ae6c05', '3', '2', 209, 'Fusce posuere felis sed lacus. Morbi sem mauris, laoreet ut, rhoncus aliquet, pulvinar sed, nisl.', '19', '1', '122', '40.jpg', 1, 1, '0.000000', '0.000000', '2016-07-24 00:00:00', '2016-03-26 00:00:00'),
(181, 'Prodajem drva za ogrijev', '7e4c8ae1-dd03-4339-9ab2-c52e76e76235', '2', '4', 263, 'Maecenas leo odio, condimentum id, luctus nec, molestie sed, justo.', '27', '3', '43', '30.jpg', 1, 1, '0.000000', '0.000000', '2016-06-27 00:00:00', '2016-01-16 00:00:00'),
(182, 'Prodajem drva', 'ab9c6a95-270e-465f-bf4c-216ec06a18a1', '3', '1', 982, 'Etiam faucibus cursus urna.', '43', '11', '3', '50.jpg', 0, 0, '0.000000', '0.000000', '2015-09-05 00:00:00', '2016-05-05 00:00:00'),
(183, 'Drva za ogrijev', '3e7c7388-f436-4421-826e-30e9dae57526', '3', '1', 919, 'Proin eu mi. Nulla ac enim.', '41', '16', '81', '60.jpg', 0, 1, '0.000000', '0.000000', '2015-08-17 00:00:00', '2015-08-18 00:00:00'),
(184, 'Ogrjevna drva prodajem', 'd1b07170-97cb-4ad0-9222-2470d32ff46f', '1', '1', 772, 'Morbi ut odio. Cras mi pede, malesuada in, imperdiet et, commodo vulputate, justo.', '4', '13', '56', '50.jpg', 0, 0, '0.000000', '0.000000', '2016-07-01 00:00:00', '2016-08-13 14:45:25'),
(185, 'Ogrjevna drva prodajem', '14e53df5-7295-4e69-b35a-bc746b3dd29e', '1', '1', 504, 'Nam congue, risus semper porta volutpat, quam pede lobortis ligula, sit amet eleifend pede libero quis orci.', '47', '18', '108', '30.jpg', 1, 1, '0.000000', '0.000000', '2015-11-01 00:00:00', '2016-02-05 00:00:00'),
(186, 'Prodajem drva za ogrijev', 'f650feb2-dbf0-404e-812e-358f7cde841a', '2', '3', 679, 'Fusce consequat.', '29', '18', '71', '30.jpg', 1, 0, '0.000000', '0.000000', '2016-01-03 00:00:00', '2015-10-28 00:00:00'),
(187, 'Prodaja drva', '16336def-da85-4dcd-a14b-20c7c385ee6d', '2', '4', 214, 'Curabitur gravida nisi at nibh.', '40', '17', '102', '40.jpg', 0, 1, '0.000000', '0.000000', '2015-12-06 00:00:00', '2015-08-10 00:00:00'),
(188, 'Prodajem drva', '94ff56b7-2061-49ff-9116-f35114297e56', '1', '4', 674, 'Ut tellus.', '41', '8', '128', '40.jpg', 1, 1, '0.000000', '0.000000', '2015-11-03 00:00:00', '2016-04-28 00:00:00'),
(189, 'Prodajem drva za ogrijev', 'd0d15be9-9e56-4e9e-9a25-41ba5b833e49', '2', '2', 207, 'Pellentesque viverra pede ac diam.', '8', '10', '8', '40.jpg', 1, 0, '0.000000', '0.000000', '2016-01-05 00:00:00', '2015-08-31 00:00:00'),
(190, 'Prodaja drva', '1738870c-7da7-4932-acb6-ae88046166ae', '2', '4', 465, 'Donec semper sapien a libero. Nam dui.', '16', '11', '110', '40.jpg', 1, 1, '0.000000', '0.000000', '2016-01-15 00:00:00', '2016-05-03 00:00:00'),
(191, 'Prodajem drva za ogrijev', '621d5e7f-17ee-4505-bb3b-c177472fdc9a', '3', '2', 585, 'Cras non velit nec nisi vulputate nonummy.', '15', '14', '101', '10.jpg', 0, 0, '0.000000', '0.000000', '2016-07-17 00:00:00', '2016-03-19 00:00:00'),
(192, 'Ogrjevna drva prodajem', '7ec8680b-e3c1-4fe6-8675-63e3e60d6a3b', '3', '3', 661, 'Mauris lacinia sapien quis libero. Nullam sit amet turpis elementum ligula vehicula consequat.', '49', '8', '115', '10.jpg', 0, 1, '0.000000', '0.000000', '2015-09-05 00:00:00', '2015-09-21 00:00:00'),
(193, 'Ogrjevna drva prodajem', '3e77f191-e87c-4ba2-8992-2d645e59b2d1', '1', '4', 322, 'Lorem ipsum dolor sit amet, consectetuer adipiscing elit.', '39', '7', '127', '60.jpg', 1, 0, '0.000000', '0.000000', '2016-03-22 00:00:00', '2015-11-16 00:00:00'),
(194, 'Drva za ogrijeva', '5af42fb2-982c-4744-92ad-3862cb6b162f', '1', '2', 614, 'Nullam orci pede, venenatis non, sodales sed, tincidunt eu, felis. Fusce posuere felis sed lacus.', '15', '1', '62', '30.jpg', 1, 0, '0.000000', '0.000000', '2015-12-12 00:00:00', '2015-11-21 00:00:00'),
(195, 'Prodaja drva', '68e3046c-d986-4019-9a6f-ac9b4843f803', '3', '1', 713, 'Quisque ut erat.', '49', '13', '43', '20.jpg', 1, 0, '0.000000', '0.000000', '2015-08-31 00:00:00', '2016-02-10 00:00:00'),
(196, 'Prodajem drva za ogrijev', '48559187-5ea7-42b8-9431-b0665ee25bd0', '3', '1', 800, 'Quisque ut erat.', '33', '9', '57', '40.jpg', 0, 1, '0.000000', '0.000000', '2016-07-14 00:00:00', '2016-06-04 00:00:00'),
(197, 'Prodaja drva', 'b8e08269-6665-496c-be76-27ebe0247aee', '3', '3', 636, 'Suspendisse potenti.', '16', '5', '89', '40.jpg', 0, 0, '0.000000', '0.000000', '2016-03-21 00:00:00', '2016-02-20 00:00:00'),
(198, 'Prodajem drva za ogrijev', '803e76e3-9023-49ba-9693-d350b5b0f031', '1', '3', 520, 'Morbi vestibulum, velit id pretium iaculis, diam erat fermentum justo, nec condimentum neque sapien placerat ante. Nulla justo.', '33', '16', '73', '40.jpg', 1, 1, '0.000000', '0.000000', '2016-06-04 00:00:00', '2016-01-26 00:00:00'),
(199, 'Ogrjevna drva prodajem', 'd599de09-3884-43ce-bdc1-c77ccb88b89d', '3', '2', 944, 'Pellentesque viverra pede ac diam. Cras pellentesque volutpat dui.', '31', '12', '101', '60.jpg', 1, 1, '0.000000', '0.000000', '2015-12-29 00:00:00', '2016-07-15 00:00:00'),
(200, 'Ogrjevna drva prodajem', '80bcc49d-45ee-436c-87c4-6805ff55c5ac', '2', '3', 168, 'Pellentesque eget nunc. Donec quis orci eget orci vehicula condimentum.', '43', '5', '28', '30.jpg', 0, 0, '0.000000', '0.000000', '2016-03-20 00:00:00', '2016-06-17 00:00:00');
INSERT INTO `classifieds` (`id`, `title`, `permalink`, `wood`, `packaging`, `price`, `description`, `user`, `region`, `city`, `image`, `published`, `featured`, `latitude`, `longitude`, `created_at`, `updated_at`) VALUES
(201, 'Ogrjevna drva prodajem', 'f8909ea2-4133-4217-8013-f6553b2cbda5', '3', '2', 760, 'Vestibulum ante ipsum primis in faucibus orci luctus et ultrices posuere cubilia Curae; Duis faucibus accumsan odio. Curabitur convallis.', '30', '2', '50', '60.jpg', 1, 0, '0.000000', '0.000000', '2015-10-16 00:00:00', '2016-06-04 00:00:00'),
(202, 'prodajem banane', 'prodajem-banane-e4da3', '1', '1', 100, 'bla bla bla sadadasdas', '1', '1', '1', '10.jpg', 1, 0, '45.463197', '18.077148', '2016-08-09 15:47:48', '2016-08-10 11:22:06');

-- --------------------------------------------------------

--
-- Table structure for table `blog`
--

CREATE TABLE IF NOT EXISTS `blog` (
  `id` int(11) NOT NULL AUTO_INCREMENT,
  `title` varchar(255) NOT NULL,
  `author` varchar(255) NOT NULL,
  `permalink` varchar(255) NOT NULL,
  `intro` text NOT NULL,
  `content` text NOT NULL,
  `status` varchar(20) NOT NULL,
  `image` varchar(255) NOT NULL,
  `created_at` timestamp NOT NULL DEFAULT CURRENT_TIMESTAMP,
  `updated_at` timestamp NOT NULL DEFAULT CURRENT_TIMESTAMP,
  PRIMARY KEY (`id`)
) ENGINE=InnoDB  DEFAULT CHARSET=utf8 AUTO_INCREMENT=21 ;

--
-- Dumping data for table `blog`
--

INSERT INTO `blog` (`id`, `title`, `author`, `permalink`, `intro`, `content`, `status`, `image`, `created_at`, `updated_at`) VALUES
(14, 'bla bla bla', '', 'bla-bla-bla', '<p style="margin-bottom: 20px; padding: 0px; border: 0px; font-stretch: inherit; font-size: 17px; line-height: 1.7; font-family: " open="" sans",="" open-sanslight,="" "trebuchet="" ms",="" helvetica,="" arial,="" sans-serif;="" vertical-align:="" baseline;"=""><strong style="margin: 0px; padding: 0px; border: 0px; font-style: inherit; font-variant: inherit; font-stretch: inherit; font-size: 18px; line-height: inherit; font-family: inherit; vertical-align: baseline;">Glavni cilj inicijalnasdae parodontoloke terapije je smanjiti upalu zubnog mesa</strong>&nbsp;i sprjeiti irenje upale na kotane pretince zuba to moe uzrokovati resorpciju kosti i u konanici i gubitak zuba. Prvi korak u terapiji je uzimanje podrobne anamneze od pacijenta i kliniki pregled.</p><p style="margin-bottom: 20px; padding: 0px; border: 0px; font-stretch: inherit; font-size: 17px; line-height: 1.7; font-family: " open="" sans",="" open-sanslight,="" "trebuchet="" ms",="" helvetica,="" arial,="" sans-serif;="" vertical-align:="" baseline;"="">Pacijenti kojima je potrebna ova vrsta terapije navode kao simptome:&nbsp;<strong style="margin: 0px; padding: 0px; border: 0px; font-style: inherit; font-variant: inherit; font-stretch: inherit; font-size: 18px; line-height: inherit; font-family: inherit; vertical-align: baseline;">krvarenje zubnog mesa (gingive), pominost zubi, neugodan zadah i oteano ienje zubi</strong>. Pregledom usne upljine, stomatolog najee primjeuje crvenu, oteenu gingivu, slabije provoenu oralnu higijenu, pominost zubi, krvarenje, neugodan zadah. Nakon toga tzv. sondiranjem zubnog mesa, mjerenjem dubine parodontnih depova i pregledom panoramskih snimki eljusti, stomatolog odluuje o daljnim koracima terapije.</p>', '<p style="margin-bottom: 20px; padding: 0px; border: 0px; font-stretch: inherit; font-size: 17px; line-height: 1.7; font-family: "Open Sans", open-sanslight, "Trebuchet MS", Helvetica, Arial, sans-serif; vertical-align: baseline;">U terapiji je od iznimne vanosti i suradnja samog pacijenta pravilnim odravanjem oralne higijene, ime se postie smanjenje koliine plaka i mikroorganizama. Pacijent mora biti upuen da je<strong style="margin: 0px; padding: 0px; border: 0px; font-style: inherit; font-variant: inherit; font-stretch: inherit; font-size: 18px; line-height: inherit; font-family: inherit; vertical-align: baseline;">vana uinkovitost ienja i sistematinost postupka</strong>, a ne vrsta etkice i paste za zube. Takoer je potrebno redovito ienje zubi etkicom upotpuniti drugim oblicima mehanikog ienja, kao to su upotreba zubnog konca ili interdentalnih etkica, jer se poetne promjene parodontnih bolesti najee nalaze u prostorima izmeu zubi. U sluaju da je prisutan i neugodan zadah, postoje posebni strugai jezika. Preporuena je i primjena otopina za ispiranje usta na bazi klorheksidina koji ima visoku djelotvornost u redukciji plaka, primijenjen kao dodatak mehanikom ienju.</p><p style="margin-bottom: 20px; padding: 0px; border: 0px; font-stretch: inherit; font-size: 17px; line-height: 1.7; font-family: "Open Sans", open-sanslight, "Trebuchet MS", Helvetica, Arial, sans-serif; vertical-align: baseline;">Nakon upuivanja pacijenta kako pravilno odravati oralnu higijenu, slijedi<strong style="margin: 0px; padding: 0px; border: 0px; font-style: inherit; font-variant: inherit; font-stretch: inherit; font-size: 18px; line-height: inherit; font-family: inherit; vertical-align: baseline;">uklanjanje mekih i tvrdih zubnih naslaga iznad i ispod razine zubnog mesa runim i strojnim instrumentima</strong>. Najee se kombiniraju ultrazvuni aparati i runi strugai (kirete). Ultrazvuni aparati vibracijama postiu lomljenje i skidanje zubnog kamenca, odstranjuju obojenja zuba i zubni plak, dok se kiretama najee struu i poliraju korijenovi zubi u parodontnim depovima. Zatim slijedi zavrno poliranje gumicama, trakama, etkicama i pastama za poliranje. Radi uspostavljanja povoljnijih uvjeta za odravanje oralne higijene, potrebna je i korekcija grubih, loe oblikovanih, odstojeih ispuna te neadekvatnih protetskih radova.</p>', 'objavljeno', 'inicijalna-parodontoloska-terapijac81e7-2016-06-14.jpg', '2016-06-14 19:47:58', '2016-06-24 13:15:34'),
(15, 'Zato je vano koristiti interdentalne etkice?', '', 'zasto-je-vazno-koristiti-interdentalne-cetkice', '<p><span style="font-family: "Open Sans", open-sanslight, "Trebuchet MS", Helvetica, Arial, sans-serif; font-size: 17px; line-height: 28.9px;">Kao to im i samo ime kae,</span><strong style="margin: 0px; padding: 0px; border: 0px; font-stretch: inherit; font-size: 18px; line-height: inherit; font-family: "Open Sans", open-sanslight, "Trebuchet MS", Helvetica, Arial, sans-serif; vertical-align: baseline;">interdentalne etkice koriste se za ienje prostoraizmeu zubi</strong><span style="font-family: "Open Sans", open-sanslight, "Trebuchet MS", Helvetica, Arial, sans-serif; font-size: 17px; line-height: 28.9px;">. Imaju istu funkciju kao i zubni konac  uklanjanje hrane i plaka iz podruja do kojih ne moemo doprijeti etkicom za zube. Gingivitis i ostala stomatoloka stanja prouzroena su hranom i plakom zaostalim u meuzubnim prostorima. Upravo za prevenciju takvih stanja koriste se interdentalne etkice. Ove su etkice veinom jednokratne i dolaze u razliitim veliinama.</span><br></p>', '<p style="margin-bottom: 20px; padding: 0px; border: 0px; font-stretch: inherit; font-size: 17px; line-height: 1.7; font-family: "Open Sans", open-sanslight, "Trebuchet MS", Helvetica, Arial, sans-serif; vertical-align: baseline;">Svakodnevno koritenje interdentalnih etkica<strong style="margin: 0px; padding: 0px; border: 0px; font-style: inherit; font-variant: inherit; font-stretch: inherit; font-size: 18px; line-height: inherit; font-family: inherit; vertical-align: baseline;">jednako je vano kao i pranje zubi</strong>. Iako koritenje interdentalnih etkica sve vie dobiva na popularnosti, velik broj ljudi i dalje nije upoznat sa ienjem interdentalnog plaka. Glavni razlog koritenja ovih etkica je<strong style="margin: 0px; padding: 0px; border: 0px; font-style: inherit; font-variant: inherit; font-stretch: inherit; font-size: 18px; line-height: inherit; font-family: inherit; vertical-align: baseline;">prevencija upala i oticanja desni</strong>. Naime, nakon obroka, sitni komadii hrane se taloe izmeu zubi. Njihovim raspadanjem dolazi do razvoja bakterija i stvaranja plaka to moe dovesti do problema sa desnima. Osobe koje su bile izloene takvim problemima znaju koliko bolna upala desni moe biti. Stomatoloko uklanjanje plaka kompliciranije je i bolnije od svakodnevne njege i ienja interdentalnog prostora. Iako je svima poznato da se hrana nakon objeda nakuplja i u meuzubnom prostoru, mnogi, unato tome, zanemaruju vanost temeljitog ienja zubi interdentalnim etkicama.</p><p style="margin-bottom: 20px; padding: 0px; border: 0px; font-stretch: inherit; font-size: 17px; line-height: 1.7; font-family: "Open Sans", open-sanslight, "Trebuchet MS", Helvetica, Arial, sans-serif; vertical-align: baseline;">Koritenje zubnog konca takoer je uinkovito, ali poprilino staromodno i nepraktino. Konac je kompliciraniji za koritenje pa ienje zubi koncem ne polazi svakome za rukom, dok se interdentalne etkice mogu koristiti jednom rukom, ba kao i obine etkice za zube. Takoer, zubni konac moe prouzroiti krvarenje desni, to se pri koritenju interdentalne etkice dogaa znatno rijee. Interdentalne etkice esto su koritene od strane stomatologa i osoba koje su spoznale vanost ienja meuzubnog prostora i to iz vie razloga:<strong style="margin: 0px; padding: 0px; border: 0px; font-style: inherit; font-variant: inherit; font-stretch: inherit; font-size: 18px; line-height: inherit; font-family: inherit; vertical-align: baseline;">jednostavne su za uporabu</strong>,<strong style="margin: 0px; padding: 0px; border: 0px; font-style: inherit; font-variant: inherit; font-stretch: inherit; font-size: 18px; line-height: inherit; font-family: inherit; vertical-align: baseline;">lako iste meuzubni prostor</strong>te znatno<strong style="margin: 0px; padding: 0px; border: 0px; font-style: inherit; font-variant: inherit; font-stretch: inherit; font-size: 18px; line-height: inherit; font-family: inherit; vertical-align: baseline;">skrauju vrijeme</strong>ienja zubi.</p>', 'objavljeno', 'zasto-je-vazno-koristiti-interdentalne-cetkice-45c48-2016-06-14.jpg', '2016-06-14 19:55:24', '2016-06-14 20:45:26'),
(16, 'VIDEO: Recesija gingive', '', 'video-recesija-gingive', '<p style="margin-bottom: 20px; padding: 0px; border: 0px; font-stretch: inherit; font-size: 17px; line-height: 1.7; font-family: "Open Sans", open-sanslight, "Trebuchet MS", Helvetica, Arial, sans-serif; vertical-align: baseline;"><strong style="margin: 0px; padding: 0px; border: 0px; font-style: inherit; font-variant: inherit; font-stretch: inherit; font-size: 18px; line-height: inherit; font-family: inherit; vertical-align: baseline;"><span style="margin: 0px; padding: 0px; border: 0px; font-style: inherit; font-variant: inherit; font-weight: inherit; font-stretch: inherit; font-size: inherit; line-height: inherit; font-family: inherit; vertical-align: baseline;">Preosjetljivi su Vam zubni vratovi prilikom etkanja? Nezadovoljni ste izgledom povuenog zubnog mesa?</span></strong></p><p style="margin-bottom: 20px; padding: 0px; border: 0px; font-stretch: inherit; font-size: 17px; line-height: 1.7; font-family: "Open Sans", open-sanslight, "Trebuchet MS", Helvetica, Arial, sans-serif; vertical-align: baseline;"><strong style="margin: 0px; padding: 0px; border: 0px; font-style: inherit; font-variant: inherit; font-stretch: inherit; font-size: 18px; line-height: inherit; font-family: inherit; vertical-align: baseline;">to je recesija gingive?</strong></p>', '<p style="margin-bottom: 20px; padding: 0px; border: 0px; font-stretch: inherit; font-size: 17px; line-height: 1.7; font-family: "Open Sans", open-sanslight, "Trebuchet MS", Helvetica, Arial, sans-serif; vertical-align: baseline;">Recesija gingive (povlaenje zubnog mesa), tj. pomicanje ruba gingive u smjeru korijena zuba moe zahvatiti gotovo sve zube ili se javiti samo na pojedinim zubima. Ono je najee posljedica nepravilnog pristupa etkanju zubi (koritenje etkica sa tvrdim vlaknima, primjena prevelikog pritiska prilikom etkanja, nepravilna tehnika etkanja), ali isto tako moe se razviti i kao posljedica upale uzrokovane plakom ili uznapredovalog stadija parodontne bolesti.</p><p style="margin-bottom: 20px; padding: 0px; border: 0px; font-stretch: inherit; font-size: 17px; line-height: 1.7; font-family: "Open Sans", open-sanslight, "Trebuchet MS", Helvetica, Arial, sans-serif; vertical-align: baseline;"><strong style="margin: 0px; padding: 0px; border: 0px; font-style: inherit; font-variant: inherit; font-stretch: inherit; font-size: 18px; line-height: inherit; font-family: inherit; vertical-align: baseline;">Koji su simptomi?</strong></p><p style="margin-bottom: 20px; padding: 0px; border: 0px; font-stretch: inherit; font-size: 17px; line-height: 1.7; font-family: "Open Sans", open-sanslight, "Trebuchet MS", Helvetica, Arial, sans-serif; vertical-align: baseline;">Izloen je korijen zuba, javlja Vam se osjeaj preosjetljivosti, neugodnost prilikom etkanja i vakanja ili ste samo nezadovoljni izgledom defekta zubnog mesa. Izloeno podruje takoer moe biti i mjesto nastanka karijesa ili mehanikih defekata zbog slabije mineraliziranog cementa koji prekriva korijen.</p>', 'objavljeno', 'video-recesija-gingive-45c48-2016-06-14.png', '2016-06-14 20:39:24', '2016-06-14 20:44:53'),
(19, 'gasgclassifieds', '', 'gasgclassifieds', '<p>dasgsdagas</p>', '<p>gasdgasdgas</p>', 'objavljeno', 'gasgclassifieds-45c48-2016-06-24.png', '2016-06-24 12:38:19', '2016-06-24 12:38:19'),
(20, 'test naslov', 'test autor 2', 'test-poveznica', 'uvod', 'sadrzaj', 'objavljeno', 'test-poveznica-e4da3-2016-06-24.png', '2016-06-24 14:05:25', '2016-06-24 14:49:28');

-- --------------------------------------------------------

--
-- Table structure for table `city`
--

CREATE TABLE IF NOT EXISTS `city` (
  `id` int(10) unsigned NOT NULL AUTO_INCREMENT,
  `name` varchar(50) COLLATE utf8_unicode_ci NOT NULL,
  `permalink` varchar(255) COLLATE utf8_unicode_ci NOT NULL,
  `created_at` timestamp NOT NULL DEFAULT '0000-00-00 00:00:00',
  `updated_at` timestamp NOT NULL DEFAULT '0000-00-00 00:00:00',
  PRIMARY KEY (`id`)
) ENGINE=InnoDB  DEFAULT CHARSET=utf8 COLLATE=utf8_unicode_ci AUTO_INCREMENT=129 ;

--
-- Dumping data for table `city`
--

INSERT INTO `city` (`id`, `name`, `permalink`, `created_at`, `updated_at`) VALUES
(1, 'Zagreb', 'zagreb', '2016-07-10 21:09:00', '2016-07-10 21:09:00'),
(2, 'Dugo Selo', 'dugo-selo', '2016-07-10 21:09:00', '2016-07-10 21:09:00'),
(3, 'Ivani Grad', 'ivanic-grad', '2016-07-10 21:09:00', '2016-07-10 21:09:00'),
(4, 'Jastrebarsko', 'jastrebarsko', '2016-07-10 21:09:00', '2016-07-10 21:09:00'),
(5, 'Samobor', 'samobor', '2016-07-10 21:09:00', '2016-07-10 21:09:00'),
(6, 'Sveta Nedelja', 'sveta-nedelja', '2016-07-10 21:09:00', '2016-07-10 21:09:00'),
(7, 'Sveti Ivan Zelina', 'sveti-ivan-zelina', '2016-07-10 21:09:00', '2016-07-10 21:09:00'),
(8, 'Velika Gorica', 'velika-gorica', '2016-07-10 21:09:00', '2016-07-10 21:09:00'),
(9, 'Vrbovec', 'vrbovec', '2016-07-10 21:09:00', '2016-07-10 21:09:00'),
(10, 'Zaprei', 'zapresic', '2016-07-10 21:09:00', '2016-07-10 21:09:00'),
(11, 'Donja Stubica', 'donja-stubica', '2016-07-10 21:09:00', '2016-07-10 21:09:00'),
(12, 'Klanjec', 'klanjec', '2016-07-10 21:09:00', '2016-07-10 21:09:00'),
(13, 'Krapina', 'krapina', '2016-07-10 21:09:00', '2016-07-10 21:09:00'),
(14, 'Oroslavje', 'oroslavje', '2016-07-10 21:09:00', '2016-07-10 21:09:00'),
(15, 'Pregrada', 'pregrada', '2016-07-10 21:09:00', '2016-07-10 21:09:00'),
(16, 'Zabok', 'zabok', '2016-07-10 21:09:00', '2016-07-10 21:09:00'),
(17, 'Zlatar', 'zlatar', '2016-07-10 21:09:00', '2016-07-10 21:09:00'),
(18, 'Glina', 'glina', '2016-07-10 21:09:00', '2016-07-10 21:09:00'),
(19, 'Hrvatska Kostajnica', 'hrvatska-kostajnica', '2016-07-10 21:09:00', '2016-07-10 21:09:00'),
(20, 'Kutina', 'kutina', '2016-07-10 21:09:00', '2016-07-10 21:09:00'),
(21, 'Novska', 'novska', '2016-07-10 21:09:00', '2016-07-10 21:09:00'),
(22, 'Petrinja', 'petrinja', '2016-07-10 21:09:00', '2016-07-10 21:09:00'),
(23, 'Popovaa', 'popovaca', '2016-07-10 21:09:00', '2016-07-10 21:09:00'),
(24, 'Sisak', 'sisak', '2016-07-10 21:09:00', '2016-07-10 21:09:00'),
(25, 'Duga Resa', 'duga-resa', '2016-07-10 21:09:00', '2016-07-10 21:09:00'),
(26, 'Karlovac', 'karlovac', '2016-07-10 21:09:00', '2016-07-10 21:09:00'),
(27, 'Ogulin', 'ogulin', '2016-07-10 21:09:00', '2016-07-10 21:09:00'),
(28, 'Ozalj', 'ozalj', '2016-07-10 21:09:00', '2016-07-10 21:09:00'),
(29, 'Slunj', 'slunj', '2016-07-10 21:09:00', '2016-07-10 21:09:00'),
(30, 'Ivanec', 'ivanec', '2016-07-10 21:09:00', '2016-07-10 21:09:00'),
(31, 'Lepoglava', 'lepoglava', '2016-07-10 21:09:00', '2016-07-10 21:09:00'),
(32, 'Ludbreg', 'ludbreg', '2016-07-10 21:09:00', '2016-07-10 21:09:00'),
(33, 'Novi Marof', 'novi-marof', '2016-07-10 21:09:00', '2016-07-10 21:09:00'),
(34, 'Varadin', 'varazdin', '2016-07-10 21:09:00', '2016-07-10 21:09:00'),
(35, 'Varadinske Toplice', 'varazdinske-toplice', '2016-07-10 21:09:00', '2016-07-10 21:09:00'),
(36, 'urevac', 'durdevac', '2016-07-10 21:09:00', '2016-07-10 21:09:00'),
(37, 'Koprivnica', 'koprivnica', '2016-07-10 21:09:00', '2016-07-10 21:09:00'),
(38, 'Krievci', 'krizevci', '2016-07-10 21:09:00', '2016-07-10 21:09:00'),
(39, 'Bjelovar', 'bjelovar', '2016-07-10 21:09:00', '2016-07-10 21:09:00'),
(40, 'azma', 'cazma', '2016-07-10 21:09:00', '2016-07-10 21:09:00'),
(41, 'Daruvar', 'daruvar', '2016-07-10 21:09:00', '2016-07-10 21:09:00'),
(42, 'Garenica', 'garesnica', '2016-07-10 21:09:00', '2016-07-10 21:09:00'),
(43, 'Grubino Polje', 'grubisno-polje', '2016-07-10 21:09:00', '2016-07-10 21:09:00'),
(44, 'Bakar', 'bakar', '2016-07-10 21:09:00', '2016-07-10 21:09:00'),
(45, 'Cres', 'cres', '2016-07-10 21:09:00', '2016-07-10 21:09:00'),
(46, 'Crikvenica', 'crikvenica', '2016-07-10 21:09:00', '2016-07-10 21:09:00'),
(47, 'abar', 'cabar', '2016-07-10 21:09:00', '2016-07-10 21:09:00'),
(48, 'Delnice', 'delnice', '2016-07-10 21:09:00', '2016-07-10 21:09:00'),
(49, 'Kastav', 'kastav', '2016-07-10 21:09:00', '2016-07-10 21:09:00'),
(50, 'Kraljevica', 'kraljevica', '2016-07-10 21:09:00', '2016-07-10 21:09:00'),
(51, 'Krk', 'krk', '2016-07-10 21:09:00', '2016-07-10 21:09:00'),
(52, 'Mali Loinj', 'mali-losinj', '2016-07-10 21:09:00', '2016-07-10 21:09:00'),
(53, 'Novi Vinodolski', 'novi-vinodolski', '2016-07-10 21:09:00', '2016-07-10 21:09:00'),
(54, 'Opatija', 'opatija', '2016-07-10 21:09:00', '2016-07-10 21:09:00'),
(55, 'Rab', 'rab', '2016-07-10 21:09:00', '2016-07-10 21:09:00'),
(56, 'Rijeka', 'rijeka', '2016-07-10 21:09:00', '2016-07-10 21:09:00'),
(57, 'Vrbovsko', 'vrbovsko', '2016-07-10 21:09:00', '2016-07-10 21:09:00'),
(58, 'Gospi', 'gospic', '2016-07-10 21:09:00', '2016-07-10 21:09:00'),
(59, 'Novalja', 'novalja', '2016-07-10 21:09:00', '2016-07-10 21:09:00'),
(60, 'Otoac', 'otocac', '2016-07-10 21:09:00', '2016-07-10 21:09:00'),
(61, 'Senj', 'senj', '2016-07-10 21:09:00', '2016-07-10 21:09:00'),
(62, 'Orahovica', 'orahovica', '2016-07-10 21:09:00', '2016-07-10 21:09:00'),
(63, 'Slatina', 'slatina', '2016-07-10 21:09:00', '2016-07-10 21:09:00'),
(64, 'Virovitica', 'virovitica', '2016-07-10 21:09:00', '2016-07-10 21:09:00'),
(65, 'Kutjevo', 'kutjevo', '2016-07-10 21:09:00', '2016-07-10 21:09:00'),
(66, 'Lipik', 'lipik', '2016-07-10 21:09:00', '2016-07-10 21:09:00'),
(67, 'Pakrac', 'pakrac', '2016-07-10 21:09:00', '2016-07-10 21:09:00'),
(68, 'Pleternica', 'pleternica', '2016-07-10 21:09:00', '2016-07-10 21:09:00'),
(69, 'Poega', 'pozega', '2016-07-10 21:09:00', '2016-07-10 21:09:00'),
(70, 'Nova gradika', 'nova-gradiska', '2016-07-10 21:09:00', '2016-07-10 21:09:00'),
(71, 'Slavonski Brod', 'slavonski-brod', '2016-07-10 21:09:00', '2016-07-10 21:09:00'),
(72, 'Benkovac', 'benkovac', '2016-07-10 21:09:00', '2016-07-10 21:09:00'),
(73, 'Biograd na Moru', 'biograd-na-moru', '2016-07-10 21:09:00', '2016-07-10 21:09:00'),
(74, 'Nin', 'nin', '2016-07-10 21:09:00', '2016-07-10 21:09:00'),
(75, 'Obrovac', 'obrovac', '2016-07-10 21:09:00', '2016-07-10 21:09:00'),
(76, 'Pag', 'pag', '2016-07-10 21:09:00', '2016-07-10 21:09:00'),
(77, 'Zadar', 'zadar', '2016-07-10 21:09:00', '2016-07-10 21:09:00'),
(78, 'Beli Manastir', 'beli-manastir', '2016-07-10 21:09:00', '2016-07-10 21:09:00'),
(79, 'Belie', 'belisce', '2016-07-10 21:09:00', '2016-07-10 21:09:00'),
(80, 'Donji Miholjac', 'donji-miholjac', '2016-07-10 21:09:00', '2016-07-10 21:09:00'),
(81, 'akovo', 'dakovo', '2016-07-10 21:09:00', '2016-07-10 21:09:00'),
(82, 'Naice', 'nasice', '2016-07-10 21:09:00', '2016-07-10 21:09:00'),
(83, 'Osijek', 'osijek', '2016-07-10 21:09:00', '2016-07-10 21:09:00'),
(84, 'Valpovo', 'valpovo', '2016-07-10 21:09:00', '2016-07-10 21:09:00'),
(85, 'Drni', 'drnis', '2016-07-10 21:09:00', '2016-07-10 21:09:00'),
(86, 'Knin', 'knin', '2016-07-10 21:09:00', '2016-07-10 21:09:00'),
(87, 'Skradin', 'skradin', '2016-07-10 21:09:00', '2016-07-10 21:09:00'),
(88, 'ibenik', 'sibenik', '2016-07-10 21:09:00', '2016-07-10 21:09:00'),
(89, 'Vodice', 'vodice', '2016-07-10 21:09:00', '2016-07-10 21:09:00'),
(90, 'Ilok', 'ilok', '2016-07-10 21:09:00', '2016-07-10 21:09:00'),
(91, 'Otok', 'otok', '2016-07-10 21:09:00', '2016-07-10 21:09:00'),
(92, 'Vinkovci', 'vinkovci', '2016-07-10 21:09:00', '2016-07-10 21:09:00'),
(93, 'Vukovar', 'vukovar', '2016-07-10 21:09:00', '2016-07-10 21:09:00'),
(94, 'upanja', 'zupanja', '2016-07-10 21:09:00', '2016-07-10 21:09:00'),
(95, 'Hvar', 'hvar', '2016-07-10 21:09:00', '2016-07-10 21:09:00'),
(96, 'Imotski', 'imotski', '2016-07-10 21:09:00', '2016-07-10 21:09:00'),
(97, 'Katela', 'kastela', '2016-07-10 21:09:00', '2016-07-10 21:09:00'),
(98, 'Komia', 'komiza', '2016-07-10 21:09:00', '2016-07-10 21:09:00'),
(99, 'Makarska', 'makarska', '2016-07-10 21:09:00', '2016-07-10 21:09:00'),
(100, 'Omi', 'omis', '2016-07-10 21:09:00', '2016-07-10 21:09:00'),
(101, 'Sinj', 'sinj', '2016-07-10 21:09:00', '2016-07-10 21:09:00'),
(102, 'Solin', 'solin', '2016-07-10 21:09:00', '2016-07-10 21:09:00'),
(103, 'Split', 'split', '2016-07-10 21:09:00', '2016-07-10 21:09:00'),
(104, 'Stari Grad', 'stari-grad', '2016-07-10 21:09:00', '2016-07-10 21:09:00'),
(105, 'Supetar', 'supetar', '2016-07-10 21:09:00', '2016-07-10 21:09:00'),
(106, 'Trilj', 'trilj', '2016-07-10 21:09:00', '2016-07-10 21:09:00'),
(107, 'Trogir', 'trogir', '2016-07-10 21:09:00', '2016-07-10 21:09:00'),
(108, 'Vis', 'vis', '2016-07-10 21:09:00', '2016-07-10 21:09:00'),
(109, 'Vrgorac', 'vrgorac', '2016-07-10 21:09:00', '2016-07-10 21:09:00'),
(110, 'Vrlika', 'vrlika', '2016-07-10 21:09:00', '2016-07-10 21:09:00'),
(111, 'Buje-Buie', 'buje-buie', '2016-07-10 21:09:00', '2016-07-10 21:09:00'),
(112, 'Buzet', 'buzet', '2016-07-10 21:09:00', '2016-07-10 21:09:00'),
(113, 'Labin', 'labin', '2016-07-10 21:09:00', '2016-07-10 21:09:00'),
(114, 'Novigrad', 'novigrad', '2016-07-10 21:09:00', '2016-07-10 21:09:00'),
(115, 'Pazin', 'pazin', '2016-07-10 21:09:00', '2016-07-10 21:09:00'),
(116, 'Pore', 'porec', '2016-07-10 21:09:00', '2016-07-10 21:09:00'),
(117, 'Pula', 'pula', '2016-07-10 21:09:00', '2016-07-10 21:09:00'),
(118, 'Rovinj', 'rovinj', '2016-07-10 21:09:00', '2016-07-10 21:09:00'),
(119, 'Umag', 'umag', '2016-07-10 21:09:00', '2016-07-10 21:09:00'),
(120, 'Vodnjan', 'vodnjan', '2016-07-10 21:09:00', '2016-07-10 21:09:00'),
(121, 'Dubrovnik', 'dubrovnik', '2016-07-10 21:09:00', '2016-07-10 21:09:00'),
(122, 'Korula', 'korcula', '2016-07-10 21:09:00', '2016-07-10 21:09:00'),
(123, 'Metkovi', 'metkovic', '2016-07-10 21:09:00', '2016-07-10 21:09:00'),
(124, 'Opuzen', 'opuzen', '2016-07-10 21:09:00', '2016-07-10 21:09:00'),
(125, 'Ploe', 'ploce', '2016-07-10 21:09:00', '2016-07-10 21:09:00'),
(126, 'akovec', 'cakovec', '2016-07-10 21:09:00', '2016-07-10 21:09:00'),
(127, 'Mursko Sredie', 'mursko-sredisce', '2016-07-10 21:09:00', '2016-07-10 21:09:00'),
(128, 'Prelog', 'prelog', '2016-07-10 21:09:00', '2016-07-10 21:09:00');

-- --------------------------------------------------------

--
-- Table structure for table `inquiry`
--

CREATE TABLE IF NOT EXISTS `inquiry` (
  `id` int(11) NOT NULL AUTO_INCREMENT,
  `first_name` text CHARACTER SET utf32 NOT NULL,
  `last_name` text CHARACTER SET utf32 NOT NULL,
  `contact` varchar(10) CHARACTER SET utf32 NOT NULL,
  `email` varchar(20) CHARACTER SET utf32 NOT NULL,
  `content` text CHARACTER SET utf32 NOT NULL,
  `created_at` datetime NOT NULL DEFAULT CURRENT_TIMESTAMP,
  `updated_at` datetime NOT NULL DEFAULT CURRENT_TIMESTAMP,
  PRIMARY KEY (`id`)
) ENGINE=InnoDB  DEFAULT CHARSET=latin1 AUTO_INCREMENT=5 ;

--
-- Dumping data for table `inquiry`
--

INSERT INTO `inquiry` (`id`, `first_name`, `last_name`, `contact`, `email`, `content`, `created_at`, `updated_at`) VALUES
(1, 'dino', 'belegic', '098789987', 'dino@gmail.com', 'kako se mogu objavljivati oglasi kod vas i jel to samo za drva ili se i druge stvari mogu oglasavati?', '2016-07-21 09:30:36', '2016-07-21 09:30:36'),
(3, 'marko', 'markic', '0987895641', 'marko@gmail.com', 'bla bla bla blablabalbla', '2016-07-21 09:31:46', '2016-07-21 09:31:46'),
(4, 'boni', 'klajd', '123456', 'boni@gmail.com', 'sta se sve prodaje na ovoj stranici', '2016-07-21 09:47:33', '2016-07-21 09:47:33');

-- --------------------------------------------------------

--
-- Table structure for table `packaging`
--

CREATE TABLE IF NOT EXISTS `packaging` (
  `id` int(11) NOT NULL AUTO_INCREMENT,
  `name` text NOT NULL,
  `permalink` varchar(20) NOT NULL,
  `created_at` datetime NOT NULL DEFAULT CURRENT_TIMESTAMP,
  `updated_at` datetime NOT NULL DEFAULT CURRENT_TIMESTAMP,
  PRIMARY KEY (`id`)
) ENGINE=MyISAM  DEFAULT CHARSET=utf8 AUTO_INCREMENT=5 ;

--
-- Dumping data for table `packaging`
--

INSERT INTO `packaging` (`id`, `name`, `permalink`, `created_at`, `updated_at`) VALUES
(1, 'Palete', 'palete', '2016-07-14 12:20:46', '2016-07-14 12:20:46'),
(2, 'Rinfuze', 'rinfuze', '2016-07-14 12:20:46', '2016-07-14 12:20:46'),
(4, 'Vree', 'vrece', '2016-07-14 12:21:17', '2016-07-14 12:21:17'),
(3, 'Metrice', 'metrice', '2016-07-14 12:21:17', '2016-07-14 12:21:17');

-- --------------------------------------------------------

--
-- Table structure for table `region`
--

CREATE TABLE IF NOT EXISTS `region` (
  `id` int(10) unsigned NOT NULL AUTO_INCREMENT,
  `name` varchar(50) COLLATE utf8_unicode_ci NOT NULL,
  `permalink` varchar(255) COLLATE utf8_unicode_ci NOT NULL,
  `created_at` timestamp NOT NULL DEFAULT '0000-00-00 00:00:00',
  `updated_at` timestamp NOT NULL DEFAULT '0000-00-00 00:00:00',
  PRIMARY KEY (`id`)
) ENGINE=InnoDB  DEFAULT CHARSET=utf8 COLLATE=utf8_unicode_ci AUTO_INCREMENT=22 ;

--
-- Dumping data for table `region`
--

INSERT INTO `region` (`id`, `name`, `permalink`, `created_at`, `updated_at`) VALUES
(1, 'Zagrebaka upanija', 'zagrebacka-zupanija', '2016-07-10 21:09:00', '2016-07-10 21:09:00'),
(2, 'Krapinsko-zagorska upanija', 'krapinsko-zagorska-zupanija', '2016-07-10 21:09:00', '2016-07-10 21:09:00'),
(3, 'Sisako-moslavaka upanija', 'sisacko-moslavacka-zupanija', '2016-07-10 21:09:00', '2016-07-10 21:09:00'),
(4, 'Karlovaka upanija', 'karlovacka-zupanija', '2016-07-10 21:09:00', '2016-07-10 21:09:00'),
(5, 'Varadinska upanija', 'varazdinska-zupanija', '2016-07-10 21:09:00', '2016-07-10 21:09:00'),
(6, 'Koprivniko-krievaka upanija', 'koprivnicko-krizevacka-zupanija', '2016-07-10 21:09:00', '2016-07-10 21:09:00'),
(7, 'Bjelovarsko-bilogorska upanija', 'bjelovarsko-bilogorska-zupanija', '2016-07-10 21:09:00', '2016-07-10 21:09:00'),
(8, 'Primorsko-goranska upanija', 'primorsko-goranska-zupanija', '2016-07-10 21:09:00', '2016-07-10 21:09:00'),
(9, 'Liko-senjska upanija', 'licko-senjska-zupanija', '2016-07-10 21:09:00', '2016-07-10 21:09:00'),
(10, 'Virovitiko-podravska upanija', 'viroviticko-podravska-zupanija', '2016-07-10 21:09:00', '2016-07-10 21:09:00'),
(11, 'Poeko-slavonska upanija', 'pozesko-slavonska-zupanija', '2016-07-10 21:09:00', '2016-07-10 21:09:00'),
(12, 'Brodsko-posavska upanija', 'brodsko-posavska-zupanija', '2016-07-10 21:09:00', '2016-07-10 21:09:00'),
(13, 'Zadarska upanija', 'zadarska-zupanija', '2016-07-10 21:09:00', '2016-07-10 21:09:00'),
(14, 'Osjeko-baranjska upanija', 'osjecko-baranjska-zupanija', '2016-07-10 21:09:00', '2016-07-10 21:09:00'),
(15, 'ibensko-kninska upanija', 'sibensko-kninska-zupanija', '2016-07-10 21:09:00', '2016-07-10 21:09:00'),
(16, 'Vukovarsko-srijemska upanija', 'vukovarsko-srijemska-zupanija', '2016-07-10 21:09:00', '2016-07-10 21:09:00'),
(17, 'Splitsko-dalmatinska upanija', 'splitsko-dalmatinska-zupanija', '2016-07-10 21:09:00', '2016-07-10 21:09:00'),
(18, 'Istarska upanija', 'istarska-zupanija', '2016-07-10 21:09:00', '2016-07-10 21:09:00'),
(19, 'Dubrovako-neretvanska upanija', 'dubrovacko-neretvanska-zupanija', '2016-07-10 21:09:00', '2016-07-10 21:09:00'),
(20, 'Meimurska upanija', 'medimurska-zupanija', '2016-07-10 21:09:00', '2016-07-10 21:09:00'),
(21, 'Grad Zagreb', 'grad-zagreb', '2016-07-10 21:09:00', '2016-07-10 21:09:00');

-- --------------------------------------------------------

--
-- Table structure for table `review`
--

CREATE TABLE IF NOT EXISTS `review` (
  `id` int(11) NOT NULL AUTO_INCREMENT,
  `user` text NOT NULL,
  `reviewed_user` varchar(11) NOT NULL,
  `review_content` text NOT NULL,
  `rating` int(1) NOT NULL,
  `published` tinyint(1) NOT NULL,
  `created_at` timestamp NOT NULL DEFAULT CURRENT_TIMESTAMP,
  `updated_at` timestamp NOT NULL DEFAULT CURRENT_TIMESTAMP,
  PRIMARY KEY (`id`)
) ENGINE=MyISAM  DEFAULT CHARSET=utf8 AUTO_INCREMENT=1001 ;

--
-- Dumping data for table `review`
--

INSERT INTO `review` (`id`, `user`, `reviewed_user`, `review_content`, `rating`, `published`, `created_at`, `updated_at`) VALUES
(2, '39', '10', 'Vestibulum quam sapien, varius ut, blandit non, interdum in, ante. Vestibulum ante ipsum primis in faucibus orci luctus et ultrices posuere cubilia Curae; Duis faucibus accumsan odio.', 4, 1, '2015-09-04 22:00:00', '2016-05-16 22:00:00'),
(1, '49', '24', 'Morbi vel lectus in quam fringilla rhoncus. Mauris enim leo, rhoncus sed, vestibulum sit amet, cursus id, turpis.', 2, 0, '2016-01-19 23:00:00', '2016-05-17 22:00:00'),
(3, '3', '40', 'Curabitur in libero ut massa volutpat convallis. Morbi odio odio, elementum eu, interdum eu, tincidunt in, leo.', 4, 1, '2015-10-10 22:00:00', '2016-03-10 23:00:00'),
(4, '45', '49', 'Quisque erat eros, viverra eget, congue eget, semper rutrum, nulla. Nunc purus.', 1, 0, '2015-09-11 22:00:00', '2015-10-29 23:00:00'),
(5, '39', '38', 'Donec semper sapien a libero. Nam dui.', 4, 1, '2016-02-07 23:00:00', '2016-01-18 23:00:00'),
(6, '3', '37', 'Praesent blandit. Nam nulla.', 3, 1, '2016-07-20 22:00:00', '2016-01-21 23:00:00'),
(7, '10', '7', 'Nulla suscipit ligula in lacus.', 3, 1, '2016-06-24 22:00:00', '2015-08-07 22:00:00'),
(8, '5', '2', 'Integer ac leo. Pellentesque ultrices mattis odio.', 3, 0, '2016-03-10 23:00:00', '2016-06-15 22:00:00'),
(9, '24', '41', 'Suspendisse potenti.', 1, 1, '2016-03-19 23:00:00', '2015-12-20 23:00:00'),
(10, '28', '19', 'Donec odio justo, sollicitudin ut, suscipit a, feugiat et, eros.', 3, 0, '2015-11-01 23:00:00', '2016-02-15 23:00:00'),
(11, '10', '3', 'Quisque arcu libero, rutrum ac, lobortis vel, dapibus at, diam. Nam tristique tortor eu pede.', 1, 1, '2016-08-01 22:00:00', '2015-11-11 23:00:00'),
(12, '19', '46', 'Mauris sit amet eros. Suspendisse accumsan tortor quis turpis.', 5, 1, '2016-01-12 23:00:00', '2015-12-17 23:00:00'),
(13, '47', '37', 'Donec quis orci eget orci vehicula condimentum. Curabitur in libero ut massa volutpat convallis.', 5, 0, '2015-09-11 22:00:00', '2015-10-16 22:00:00'),
(14, '48', '2', 'Nunc rhoncus dui vel sem. Sed sagittis.', 3, 1, '2015-11-20 23:00:00', '2015-08-26 22:00:00'),
(15, '36', '14', 'Mauris enim leo, rhoncus sed, vestibulum sit amet, cursus id, turpis.', 3, 0, '2016-08-01 22:00:00', '2016-03-11 23:00:00'),
(16, '38', '20', 'Aliquam augue quam, sollicitudin vitae, consectetuer eget, rutrum at, lorem. Integer tincidunt ante vel ipsum.', 4, 1, '2015-09-28 22:00:00', '2016-07-18 22:00:00'),
(17, '48', '8', 'Nulla tempus.', 2, 1, '2016-02-22 23:00:00', '2015-08-20 22:00:00'),
(18, '35', '44', 'Duis at velit eu est congue elementum. In hac habitasse platea dictumst.', 2, 0, '2016-07-01 22:00:00', '2016-02-02 23:00:00'),
(19, '47', '45', 'Praesent id massa id nisl venenatis lacinia.', 5, 0, '2015-10-29 23:00:00', '2016-03-07 23:00:00'),
(20, '41', '36', 'Pellentesque eget nunc. Donec quis orci eget orci vehicula condimentum.', 4, 0, '2016-06-05 22:00:00', '2016-04-12 22:00:00'),
(21, '25', '18', 'Pellentesque at nulla. Suspendisse potenti.', 1, 1, '2015-12-08 23:00:00', '2015-10-06 22:00:00'),
(22, '16', '23', 'Suspendisse potenti. In eleifend quam a odio.', 1, 1, '2015-09-09 22:00:00', '2016-06-01 22:00:00'),
(23, '26', '27', 'Maecenas ut massa quis augue luctus tincidunt.', 2, 0, '2015-10-27 23:00:00', '2015-10-15 22:00:00'),
(24, '39', '45', 'Nam congue, risus semper porta volutpat, quam pede lobortis ligula, sit amet eleifend pede libero quis orci. Nullam molestie nibh in lectus.', 2, 1, '2016-01-22 23:00:00', '2015-08-25 22:00:00'),
(25, '31', '45', 'Nullam sit amet turpis elementum ligula vehicula consequat.', 4, 1, '2015-08-07 22:00:00', '2016-01-18 23:00:00'),
(26, '31', '19', 'Sed ante. Vivamus tortor.', 2, 1, '2016-02-29 23:00:00', '2015-12-14 23:00:00'),
(27, '37', '6', 'In sagittis dui vel nisl. Duis ac nibh.', 5, 0, '2016-08-02 22:00:00', '2016-07-16 22:00:00'),
(28, '30', '2', 'Nulla justo. Aliquam quis turpis eget elit sodales scelerisque.', 2, 0, '2016-05-29 22:00:00', '2015-09-11 22:00:00'),
(29, '18', '28', 'Pellentesque viverra pede ac diam.', 4, 1, '2016-04-08 22:00:00', '2016-08-06 22:00:00'),
(30, '5', '12', 'Maecenas ut massa quis augue luctus tincidunt. Nulla mollis molestie lorem.', 5, 1, '2015-10-02 22:00:00', '2016-06-27 22:00:00'),
(31, '30', '29', 'Donec quis orci eget orci vehicula condimentum.', 3, 1, '2015-11-26 23:00:00', '2016-07-22 22:00:00'),
(32, '7', '29', 'Aenean sit amet justo.', 2, 1, '2015-09-11 22:00:00', '2016-05-17 22:00:00'),
(33, '27', '32', 'Vestibulum ante ipsum primis in faucibus orci luctus et ultrices posuere cubilia Curae; Duis faucibus accumsan odio. Curabitur convallis.', 5, 0, '2016-02-16 23:00:00', '2015-12-05 23:00:00'),
(34, '21', '40', 'Aliquam augue quam, sollicitudin vitae, consectetuer eget, rutrum at, lorem. Integer tincidunt ante vel ipsum.', 2, 1, '2016-06-03 22:00:00', '2016-02-04 23:00:00'),
(35, '24', '28', 'Ut tellus.', 1, 0, '2016-04-04 22:00:00', '2016-04-20 22:00:00'),
(36, '16', '46', 'Duis bibendum, felis sed interdum venenatis, turpis enim blandit mi, in porttitor pede justo eu massa.', 5, 0, '2015-10-28 23:00:00', '2016-03-08 23:00:00'),
(37, '48', '34', 'Nam congue, risus semper porta volutpat, quam pede lobortis ligula, sit amet eleifend pede libero quis orci.', 5, 0, '2016-05-03 22:00:00', '2016-07-21 22:00:00'),
(38, '15', '18', 'Nullam varius. Nulla facilisi.', 3, 1, '2016-07-08 22:00:00', '2015-12-23 23:00:00'),
(39, '36', '18', 'Sed accumsan felis.', 1, 1, '2015-08-24 22:00:00', '2016-02-14 23:00:00'),
(40, '14', '25', 'In quis justo.', 5, 1, '2015-09-20 22:00:00', '2016-02-10 23:00:00'),
(41, '4', '37', 'Fusce posuere felis sed lacus. Morbi sem mauris, laoreet ut, rhoncus aliquet, pulvinar sed, nisl.', 5, 0, '2016-05-01 22:00:00', '2016-08-13 12:45:25'),
(42, '43', '37', 'Duis consequat dui nec nisi volutpat eleifend. Donec ut dolor.', 1, 1, '2016-07-01 22:00:00', '2016-05-11 22:00:00'),
(43, '10', '7', 'Morbi odio odio, elementum eu, interdum eu, tincidunt in, leo.', 2, 0, '2016-05-14 22:00:00', '2016-02-01 23:00:00'),
(44, '48', '10', 'Vestibulum quam sapien, varius ut, blandit non, interdum in, ante.', 2, 0, '2016-05-08 22:00:00', '2015-11-18 23:00:00'),
(45, '20', '30', 'Vestibulum ante ipsum primis in faucibus orci luctus et ultrices posuere cubilia Curae; Nulla dapibus dolor vel est.', 2, 1, '2016-02-12 23:00:00', '2015-10-10 22:00:00'),
(46, '14', '39', 'Suspendisse potenti.', 4, 0, '2016-04-25 22:00:00', '2016-04-22 22:00:00'),
(47, '1', '15', 'Aliquam sit amet diam in magna bibendum imperdiet.', 3, 0, '2015-08-21 22:00:00', '2015-12-17 23:00:00'),
(48, '15', '25', 'Sed sagittis. Nam congue, risus semper porta volutpat, quam pede lobortis ligula, sit amet eleifend pede libero quis orci.', 5, 1, '2016-06-26 22:00:00', '2015-12-30 23:00:00'),
(49, '28', '9', 'Morbi vestibulum, velit id pretium iaculis, diam erat fermentum justo, nec condimentum neque sapien placerat ante.', 5, 0, '2015-09-20 22:00:00', '2015-11-03 23:00:00'),
(50, '14', '28', 'Lorem ipsum dolor sit amet, consectetuer adipiscing elit.', 3, 1, '2016-04-18 22:00:00', '2016-05-01 22:00:00'),
(51, '10', '7', 'Aliquam augue quam, sollicitudin vitae, consectetuer eget, rutrum at, lorem.', 1, 0, '2016-06-21 22:00:00', '2016-06-04 22:00:00'),
(52, '6', '44', 'In est risus, auctor sed, tristique in, tempus sit amet, sem. Fusce consequat.', 4, 0, '2016-08-05 22:00:00', '2015-11-02 23:00:00'),
(53, '6', '6', 'In hac habitasse platea dictumst.', 5, 1, '2016-06-21 22:00:00', '2015-08-24 22:00:00'),
(54, '35', '48', 'Morbi vestibulum, velit id pretium iaculis, diam erat fermentum justo, nec condimentum neque sapien placerat ante. Nulla justo.', 2, 0, '2016-01-25 23:00:00', '2015-09-10 22:00:00'),
(55, '41', '42', 'Integer tincidunt ante vel ipsum.', 5, 0, '2016-06-19 22:00:00', '2016-05-31 22:00:00'),
(56, '27', '32', 'Curabitur convallis. Duis consequat dui nec nisi volutpat eleifend.', 2, 0, '2016-06-20 22:00:00', '2016-02-14 23:00:00'),
(57, '10', '44', 'Integer ac neque.', 2, 0, '2015-08-29 22:00:00', '2016-01-14 23:00:00'),
(58, '29', '17', 'Nulla facilisi. Cras non velit nec nisi vulputate nonummy.', 5, 0, '2016-02-14 23:00:00', '2015-11-30 23:00:00'),
(59, '31', '5', 'Etiam faucibus cursus urna.', 4, 1, '2015-11-11 23:00:00', '2016-04-07 22:00:00'),
(60, '15', '27', 'Nulla justo.', 2, 1, '2016-03-13 23:00:00', '2016-03-22 23:00:00'),
(61, '49', '44', 'Aliquam non mauris.', 2, 0, '2015-11-14 23:00:00', '2015-11-28 23:00:00'),
(62, '47', '23', 'Pellentesque eget nunc. Donec quis orci eget orci vehicula condimentum.', 2, 1, '2016-03-27 22:00:00', '2016-05-16 22:00:00'),
(63, '29', '13', 'Pellentesque at nulla.', 1, 0, '2016-07-17 22:00:00', '2016-06-14 22:00:00'),
(64, '11', '22', 'Vivamus vel nulla eget eros elementum pellentesque. Quisque porta volutpat erat.', 2, 1, '2016-04-23 22:00:00', '2016-01-09 23:00:00'),
(65, '20', '10', 'Fusce lacus purus, aliquet at, feugiat non, pretium quis, lectus. Suspendisse potenti.', 4, 0, '2016-02-27 23:00:00', '2016-07-06 22:00:00'),
(66, '13', '32', 'Curabitur in libero ut massa volutpat convallis. Morbi odio odio, elementum eu, interdum eu, tincidunt in, leo.', 3, 1, '2016-02-09 23:00:00', '2016-06-13 22:00:00'),
(67, '42', '39', 'Donec odio justo, sollicitudin ut, suscipit a, feugiat et, eros.', 5, 1, '2015-08-18 22:00:00', '2016-04-02 22:00:00'),
(68, '49', '49', 'Donec ut mauris eget massa tempor convallis. Nulla neque libero, convallis eget, eleifend luctus, ultricies eu, nibh.', 1, 1, '2016-07-30 22:00:00', '2016-06-06 22:00:00'),
(69, '45', '43', 'Fusce congue, diam id ornare imperdiet, sapien urna pretium nisl, ut volutpat sapien arcu sed augue.', 1, 0, '2016-03-21 23:00:00', '2015-11-23 23:00:00'),
(70, '24', '18', 'Nullam sit amet turpis elementum ligula vehicula consequat.', 2, 1, '2016-08-06 22:00:00', '2016-04-27 22:00:00'),
(71, '1', '18', 'Morbi vel lectus in quam fringilla rhoncus.', 3, 0, '2016-03-16 23:00:00', '2016-07-08 22:00:00'),
(72, '17', '11', 'Sed ante.', 2, 0, '2016-01-07 23:00:00', '2015-10-29 23:00:00'),
(73, '32', '11', 'In eleifend quam a odio. In hac habitasse platea dictumst.', 5, 0, '2015-11-06 23:00:00', '2015-09-24 22:00:00'),
(74, '2', '2', 'Donec ut mauris eget massa tempor convallis. Nulla neque libero, convallis eget, eleifend luctus, ultricies eu, nibh.', 3, 1, '2015-10-06 22:00:00', '2016-03-07 23:00:00'),
(75, '8', '32', 'Morbi odio odio, elementum eu, interdum eu, tincidunt in, leo. Maecenas pulvinar lobortis est.', 4, 1, '2015-09-30 22:00:00', '2015-12-24 23:00:00'),
(76, '43', '42', 'Donec quis orci eget orci vehicula condimentum.', 5, 0, '2015-08-17 22:00:00', '2015-08-14 22:00:00'),
(77, '35', '24', 'Nullam molestie nibh in lectus. Pellentesque at nulla.', 4, 1, '2015-11-29 23:00:00', '2016-06-02 22:00:00'),
(78, '9', '16', 'Fusce posuere felis sed lacus. Morbi sem mauris, laoreet ut, rhoncus aliquet, pulvinar sed, nisl.', 2, 1, '2015-12-30 23:00:00', '2016-06-13 22:00:00'),
(79, '11', '36', 'In congue. Etiam justo.', 4, 0, '2015-11-12 23:00:00', '2016-02-05 23:00:00'),
(80, '20', '22', 'Aenean auctor gravida sem.', 3, 0, '2016-03-26 23:00:00', '2015-09-23 22:00:00'),
(81, '45', '46', 'In hac habitasse platea dictumst.', 1, 1, '2015-12-24 23:00:00', '2016-01-25 23:00:00'),
(82, '26', '1', 'Donec ut dolor. Morbi vel lectus in quam fringilla rhoncus.', 5, 1, '2016-05-04 22:00:00', '2016-07-03 22:00:00'),
(83, '43', '37', 'Nulla ac enim.', 1, 0, '2016-02-04 23:00:00', '2015-12-15 23:00:00'),
(84, '20', '11', 'Lorem ipsum dolor sit amet, consectetuer adipiscing elit. Proin interdum mauris non ligula pellentesque ultrices.', 4, 0, '2015-10-15 22:00:00', '2015-11-10 23:00:00'),
(85, '2', '16', 'Maecenas pulvinar lobortis est. Phasellus sit amet erat.', 1, 1, '2016-04-29 22:00:00', '2016-07-18 22:00:00'),
(86, '45', '47', 'Suspendisse potenti.', 5, 0, '2016-04-05 22:00:00', '2015-12-23 23:00:00'),
(87, '4', '35', 'Nunc rhoncus dui vel sem. Sed sagittis.', 2, 0, '2016-04-01 22:00:00', '2015-08-24 22:00:00'),
(88, '46', '46', 'Donec ut dolor. Morbi vel lectus in quam fringilla rhoncus.', 1, 1, '2016-02-16 23:00:00', '2016-05-21 22:00:00'),
(89, '19', '3', 'Nam nulla.', 2, 1, '2015-10-28 23:00:00', '2016-07-01 22:00:00'),
(90, '13', '40', 'Nam dui. Proin leo odio, porttitor id, consequat in, consequat ut, nulla.', 4, 1, '2016-04-16 22:00:00', '2016-05-09 22:00:00'),
(91, '43', '40', 'Duis ac nibh.', 1, 0, '2015-10-12 22:00:00', '2016-07-30 22:00:00'),
(92, '8', '1', 'Morbi vestibulum, velit id pretium iaculis, diam erat fermentum justo, nec condimentum neque sapien placerat ante. Nulla justo.', 2, 1, '2015-10-25 23:00:00', '2015-10-29 23:00:00'),
(93, '8', '11', 'Nunc nisl.', 1, 1, '2016-04-21 22:00:00', '2016-03-11 23:00:00'),
(94, '6', '25', 'Fusce congue, diam id ornare imperdiet, sapien urna pretium nisl, ut volutpat sapien arcu sed augue.', 4, 1, '2015-11-07 23:00:00', '2016-01-30 23:00:00'),
(95, '19', '10', 'Mauris enim leo, rhoncus sed, vestibulum sit amet, cursus id, turpis.', 1, 1, '2016-04-12 22:00:00', '2015-11-05 23:00:00'),
(96, '36', '32', 'Maecenas pulvinar lobortis est. Phasellus sit amet erat.', 2, 0, '2015-10-24 22:00:00', '2016-03-07 23:00:00'),
(97, '28', '12', 'Nulla ac enim.', 2, 0, '2015-09-25 22:00:00', '2016-07-31 22:00:00'),
(98, '27', '27', 'Nam congue, risus semper porta volutpat, quam pede lobortis ligula, sit amet eleifend pede libero quis orci. Nullam molestie nibh in lectus.', 1, 0, '2016-03-04 23:00:00', '2016-04-16 22:00:00'),
(99, '34', '49', 'Vivamus in felis eu sapien cursus vestibulum.', 2, 0, '2015-08-24 22:00:00', '2015-09-16 22:00:00'),
(100, '39', '40', 'Vestibulum sed magna at nunc commodo placerat. Praesent blandit.', 3, 0, '2016-03-11 23:00:00', '2016-03-17 23:00:00'),
(101, '33', '29', 'In hac habitasse platea dictumst.', 1, 0, '2016-08-06 22:00:00', '2015-11-18 23:00:00'),
(102, '11', '2', 'Suspendisse potenti.', 3, 0, '2016-04-05 22:00:00', '2015-10-12 22:00:00'),
(103, '1', '2', 'Fusce consequat. Nulla nisl.', 2, 1, '2015-12-03 23:00:00', '2016-01-05 23:00:00'),
(104, '48', '31', 'Phasellus sit amet erat. Nulla tempus.', 4, 1, '2015-09-18 22:00:00', '2016-03-23 23:00:00'),
(105, '27', '32', 'Phasellus in felis.', 5, 0, '2015-12-16 23:00:00', '2015-08-15 22:00:00'),
(106, '15', '27', 'Morbi porttitor lorem id ligula.', 4, 0, '2016-06-06 22:00:00', '2015-12-20 23:00:00'),
(107, '39', '38', 'Pellentesque at nulla.', 5, 0, '2016-07-03 22:00:00', '2016-03-01 23:00:00'),
(108, '15', '9', 'Quisque erat eros, viverra eget, congue eget, semper rutrum, nulla.', 3, 1, '2015-12-16 23:00:00', '2015-11-02 23:00:00'),
(109, '15', '7', 'Nam tristique tortor eu pede.', 3, 0, '2015-11-24 23:00:00', '2015-11-14 23:00:00'),
(110, '1', '49', 'Sed accumsan felis.', 3, 1, '2016-07-17 22:00:00', '2015-12-05 23:00:00'),
(111, '5', '32', 'In blandit ultrices enim.', 1, 1, '2016-01-13 23:00:00', '2016-05-20 22:00:00'),
(112, '37', '38', 'Pellentesque ultrices mattis odio. Donec vitae nisi.', 4, 1, '2016-05-26 22:00:00', '2016-02-19 23:00:00'),
(113, '4', '34', 'Morbi vestibulum, velit id pretium iaculis, diam erat fermentum justo, nec condimentum neque sapien placerat ante.', 4, 0, '2016-07-07 22:00:00', '2016-08-13 12:45:25'),
(114, '34', '14', 'Duis consequat dui nec nisi volutpat eleifend.', 3, 1, '2016-07-31 22:00:00', '2016-02-15 23:00:00'),
(115, '43', '29', 'Cras non velit nec nisi vulputate nonummy.', 3, 1, '2015-08-30 22:00:00', '2015-09-10 22:00:00'),
(116, '38', '39', 'Pellentesque viverra pede ac diam. Cras pellentesque volutpat dui.', 4, 1, '2015-12-05 23:00:00', '2016-04-26 22:00:00'),
(117, '4', '19', 'Mauris sit amet eros.', 3, 0, '2016-07-30 22:00:00', '2016-08-13 12:45:25'),
(118, '23', '37', 'Nunc rhoncus dui vel sem. Sed sagittis.', 3, 0, '2016-07-05 22:00:00', '2016-03-19 23:00:00'),
(119, '26', '16', 'Nunc purus. Phasellus in felis.', 4, 0, '2015-08-31 22:00:00', '2016-08-01 22:00:00'),
(120, '10', '30', 'Vivamus vel nulla eget eros elementum pellentesque. Quisque porta volutpat erat.', 5, 0, '2016-03-20 23:00:00', '2016-04-29 22:00:00'),
(121, '40', '37', 'Fusce consequat.', 5, 0, '2015-08-31 22:00:00', '2015-10-17 22:00:00'),
(122, '36', '42', 'Aenean lectus. Pellentesque eget nunc.', 3, 1, '2016-06-24 22:00:00', '2016-05-18 22:00:00'),
(123, '34', '30', 'Vivamus vestibulum sagittis sapien. Cum sociis natoque penatibus et magnis dis parturient montes, nascetur ridiculus mus.', 5, 1, '2016-06-08 22:00:00', '2016-04-12 22:00:00'),
(124, '23', '29', 'Aliquam non mauris.', 5, 1, '2016-04-12 22:00:00', '2016-07-08 22:00:00'),
(125, '17', '26', 'Aenean fermentum. Donec ut mauris eget massa tempor convallis.', 3, 0, '2015-08-31 22:00:00', '2016-06-19 22:00:00'),
(126, '24', '32', 'Morbi porttitor lorem id ligula. Suspendisse ornare consequat lectus.', 3, 1, '2015-08-16 22:00:00', '2015-08-09 22:00:00'),
(127, '4', '21', 'Vestibulum quam sapien, varius ut, blandit non, interdum in, ante. Vestibulum ante ipsum primis in faucibus orci luctus et ultrices posuere cubilia Curae; Duis faucibus accumsan odio.', 3, 0, '2016-07-02 22:00:00', '2016-03-18 23:00:00'),
(128, '43', '31', 'Aliquam sit amet diam in magna bibendum imperdiet.', 4, 1, '2015-11-27 23:00:00', '2015-09-21 22:00:00'),
(129, '32', '31', 'Integer aliquet, massa id lobortis convallis, tortor risus dapibus augue, vel accumsan tellus nisi eu orci.', 5, 0, '2016-02-29 23:00:00', '2016-01-25 23:00:00'),
(130, '47', '39', 'Aenean sit amet justo.', 2, 1, '2015-09-02 22:00:00', '2016-01-26 23:00:00'),
(131, '24', '19', 'Cras in purus eu magna vulputate luctus. Cum sociis natoque penatibus et magnis dis parturient montes, nascetur ridiculus mus.', 2, 1, '2016-08-01 22:00:00', '2016-04-02 22:00:00'),
(132, '18', '29', 'Maecenas ut massa quis augue luctus tincidunt. Nulla mollis molestie lorem.', 3, 1, '2016-01-22 23:00:00', '2016-08-02 22:00:00'),
(133, '5', '35', 'Ut at dolor quis odio consequat varius.', 2, 0, '2015-12-23 23:00:00', '2015-12-19 23:00:00'),
(134, '34', '16', 'Aliquam sit amet diam in magna bibendum imperdiet.', 4, 1, '2016-07-19 22:00:00', '2016-03-17 23:00:00'),
(135, '8', '27', 'Morbi non quam nec dui luctus rutrum.', 4, 0, '2016-03-05 23:00:00', '2015-08-08 22:00:00'),
(136, '33', '24', 'Aliquam augue quam, sollicitudin vitae, consectetuer eget, rutrum at, lorem. Integer tincidunt ante vel ipsum.', 1, 0, '2016-01-12 23:00:00', '2016-01-23 23:00:00'),
(137, '41', '17', 'In blandit ultrices enim.', 5, 0, '2016-01-27 23:00:00', '2016-02-26 23:00:00'),
(138, '27', '2', 'Vivamus vestibulum sagittis sapien. Cum sociis natoque penatibus et magnis dis parturient montes, nascetur ridiculus mus.', 1, 0, '2016-05-11 22:00:00', '2016-06-24 22:00:00'),
(139, '50', '12', 'Vestibulum ac est lacinia nisi venenatis tristique. Fusce congue, diam id ornare imperdiet, sapien urna pretium nisl, ut volutpat sapien arcu sed augue.', 5, 1, '2015-08-24 22:00:00', '2015-11-20 23:00:00'),
(140, '20', '13', 'Duis mattis egestas metus.', 4, 0, '2015-11-14 23:00:00', '2016-03-01 23:00:00'),
(141, '25', '32', 'Cras pellentesque volutpat dui.', 3, 0, '2016-06-03 22:00:00', '2015-12-01 23:00:00'),
(142, '14', '23', 'Suspendisse ornare consequat lectus.', 1, 1, '2015-08-28 22:00:00', '2016-06-24 22:00:00'),
(143, '6', '7', 'Fusce lacus purus, aliquet at, feugiat non, pretium quis, lectus. Suspendisse potenti.', 2, 0, '2015-09-18 22:00:00', '2016-07-15 22:00:00'),
(144, '30', '41', 'Cum sociis natoque penatibus et magnis dis parturient montes, nascetur ridiculus mus. Vivamus vestibulum sagittis sapien.', 4, 0, '2016-02-29 23:00:00', '2015-12-09 23:00:00'),
(145, '28', '14', 'Donec odio justo, sollicitudin ut, suscipit a, feugiat et, eros. Vestibulum ac est lacinia nisi venenatis tristique.', 2, 1, '2015-10-13 22:00:00', '2015-12-19 23:00:00'),
(146, '28', '44', 'Donec vitae nisi. Nam ultrices, libero non mattis pulvinar, nulla pede ullamcorper augue, a suscipit nulla elit ac nulla.', 5, 0, '2015-08-16 22:00:00', '2016-05-18 22:00:00'),
(147, '15', '14', 'Integer tincidunt ante vel ipsum. Praesent blandit lacinia erat.', 4, 0, '2016-01-26 23:00:00', '2016-05-24 22:00:00'),
(148, '37', '29', 'Nulla neque libero, convallis eget, eleifend luctus, ultricies eu, nibh.', 3, 1, '2016-05-03 22:00:00', '2015-10-31 23:00:00'),
(149, '35', '32', 'Donec ut mauris eget massa tempor convallis. Nulla neque libero, convallis eget, eleifend luctus, ultricies eu, nibh.', 1, 1, '2016-06-26 22:00:00', '2016-03-05 23:00:00'),
(150, '13', '18', 'Sed accumsan felis. Ut at dolor quis odio consequat varius.', 4, 0, '2016-02-19 23:00:00', '2015-10-14 22:00:00'),
(151, '4', '39', 'Nulla justo. Aliquam quis turpis eget elit sodales scelerisque.', 4, 0, '2016-04-27 22:00:00', '2015-08-28 22:00:00'),
(152, '18', '41', 'Duis consequat dui nec nisi volutpat eleifend.', 3, 1, '2016-02-25 23:00:00', '2016-04-20 22:00:00'),
(153, '14', '36', 'Nunc rhoncus dui vel sem.', 2, 0, '2016-07-26 22:00:00', '2016-02-19 23:00:00'),
(154, '17', '8', 'Etiam pretium iaculis justo.', 4, 1, '2015-12-31 23:00:00', '2015-09-22 22:00:00'),
(155, '28', '38', 'Sed ante.', 2, 0, '2016-06-28 22:00:00', '2015-12-29 23:00:00'),
(156, '29', '22', 'Mauris lacinia sapien quis libero. Nullam sit amet turpis elementum ligula vehicula consequat.', 1, 0, '2015-10-08 22:00:00', '2015-11-19 23:00:00'),
(157, '46', '23', 'Fusce congue, diam id ornare imperdiet, sapien urna pretium nisl, ut volutpat sapien arcu sed augue.', 3, 0, '2016-05-06 22:00:00', '2015-12-19 23:00:00'),
(158, '49', '12', 'Nullam varius. Nulla facilisi.', 2, 1, '2016-04-09 22:00:00', '2016-05-16 22:00:00'),
(159, '16', '5', 'Maecenas ut massa quis augue luctus tincidunt. Nulla mollis molestie lorem.', 4, 1, '2016-07-17 22:00:00', '2016-06-26 22:00:00'),
(160, '29', '7', 'Proin at turpis a pede posuere nonummy. Integer non velit.', 4, 1, '2016-05-27 22:00:00', '2015-12-11 23:00:00'),
(161, '45', '26', 'Praesent blandit lacinia erat.', 2, 1, '2016-04-23 22:00:00', '2015-12-19 23:00:00'),
(162, '2', '28', 'Cras mi pede, malesuada in, imperdiet et, commodo vulputate, justo. In blandit ultrices enim.', 3, 1, '2016-05-23 22:00:00', '2015-08-16 22:00:00'),
(163, '34', '17', 'Cum sociis natoque penatibus et magnis dis parturient montes, nascetur ridiculus mus. Etiam vel augue.', 5, 0, '2016-04-15 22:00:00', '2015-12-25 23:00:00'),
(164, '32', '19', 'Nam ultrices, libero non mattis pulvinar, nulla pede ullamcorper augue, a suscipit nulla elit ac nulla.', 3, 0, '2016-02-08 23:00:00', '2015-10-09 22:00:00'),
(165, '9', '48', 'Ut tellus.', 4, 1, '2015-12-08 23:00:00', '2015-10-31 23:00:00'),
(166, '8', '45', 'Cum sociis natoque penatibus et magnis dis parturient montes, nascetur ridiculus mus.', 4, 0, '2015-09-10 22:00:00', '2015-11-20 23:00:00'),
(167, '17', '6', 'Etiam vel augue. Vestibulum rutrum rutrum neque.', 4, 1, '2016-01-12 23:00:00', '2016-03-11 23:00:00'),
(168, '40', '10', 'In sagittis dui vel nisl.', 4, 1, '2016-03-25 23:00:00', '2015-08-10 22:00:00'),
(169, '13', '4', 'Sed vel enim sit amet nunc viverra dapibus. Nulla suscipit ligula in lacus.', 5, 1, '2015-09-20 22:00:00', '2016-04-08 22:00:00'),
(170, '6', '19', 'Quisque arcu libero, rutrum ac, lobortis vel, dapibus at, diam.', 5, 0, '2015-08-21 22:00:00', '2016-04-14 22:00:00'),
(171, '33', '46', 'Donec odio justo, sollicitudin ut, suscipit a, feugiat et, eros. Vestibulum ac est lacinia nisi venenatis tristique.', 1, 1, '2016-01-29 23:00:00', '2015-09-15 22:00:00'),
(172, '31', '50', 'Nulla neque libero, convallis eget, eleifend luctus, ultricies eu, nibh.', 4, 1, '2016-05-11 22:00:00', '2016-05-10 22:00:00'),
(173, '47', '3', 'Duis consequat dui nec nisi volutpat eleifend. Donec ut dolor.', 5, 0, '2015-12-24 23:00:00', '2016-07-05 22:00:00'),
(174, '36', '36', 'Pellentesque at nulla. Suspendisse potenti.', 5, 1, '2016-07-23 22:00:00', '2016-06-02 22:00:00'),
(175, '38', '50', 'Morbi a ipsum. Integer a nibh.', 5, 0, '2016-04-10 22:00:00', '2016-07-24 22:00:00'),
(176, '5', '40', 'Fusce posuere felis sed lacus.', 1, 0, '2016-05-14 22:00:00', '2015-11-29 23:00:00'),
(177, '28', '13', 'Donec ut mauris eget massa tempor convallis. Nulla neque libero, convallis eget, eleifend luctus, ultricies eu, nibh.', 3, 1, '2016-04-20 22:00:00', '2016-04-18 22:00:00'),
(178, '39', '14', 'Morbi vel lectus in quam fringilla rhoncus.', 1, 1, '2016-05-15 22:00:00', '2015-09-03 22:00:00'),
(179, '35', '28', 'Sed vel enim sit amet nunc viverra dapibus.', 4, 1, '2016-02-23 23:00:00', '2016-02-16 23:00:00'),
(180, '38', '19', 'In tempor, turpis nec euismod scelerisque, quam turpis adipiscing lorem, vitae mattis nibh ligula nec sem.', 1, 0, '2015-10-23 22:00:00', '2016-02-12 23:00:00'),
(181, '9', '14', 'Curabitur gravida nisi at nibh. In hac habitasse platea dictumst.', 5, 0, '2015-11-23 23:00:00', '2015-11-29 23:00:00'),
(182, '35', '19', 'Pellentesque viverra pede ac diam.', 3, 0, '2015-09-27 22:00:00', '2016-01-20 23:00:00'),
(183, '38', '33', 'Vivamus metus arcu, adipiscing molestie, hendrerit at, vulputate vitae, nisl.', 1, 0, '2016-05-15 22:00:00', '2015-08-17 22:00:00'),
(184, '14', '45', 'Integer non velit.', 5, 0, '2016-05-07 22:00:00', '2015-10-14 22:00:00'),
(185, '1', '47', 'Donec semper sapien a libero. Nam dui.', 4, 0, '2016-06-16 22:00:00', '2016-03-20 23:00:00'),
(186, '14', '30', 'Integer pede justo, lacinia eget, tincidunt eget, tempus vel, pede.', 5, 1, '2016-04-08 22:00:00', '2015-12-16 23:00:00'),
(187, '1', '30', 'Etiam justo. Etiam pretium iaculis justo.', 3, 1, '2016-03-15 23:00:00', '2015-12-19 23:00:00'),
(188, '48', '18', 'Phasellus id sapien in sapien iaculis congue. Vivamus metus arcu, adipiscing molestie, hendrerit at, vulputate vitae, nisl.', 2, 1, '2016-05-27 22:00:00', '2016-02-22 23:00:00'),
(189, '23', '5', 'Curabitur in libero ut massa volutpat convallis. Morbi odio odio, elementum eu, interdum eu, tincidunt in, leo.', 2, 0, '2015-10-26 23:00:00', '2016-01-24 23:00:00'),
(190, '38', '26', 'Duis ac nibh. Fusce lacus purus, aliquet at, feugiat non, pretium quis, lectus.', 5, 1, '2015-09-09 22:00:00', '2015-10-14 22:00:00'),
(191, '38', '6', 'Vestibulum ante ipsum primis in faucibus orci luctus et ultrices posuere cubilia Curae; Nulla dapibus dolor vel est.', 3, 0, '2015-10-21 22:00:00', '2015-08-10 22:00:00'),
(192, '24', '45', 'Etiam vel augue.', 3, 0, '2016-06-28 22:00:00', '2015-08-29 22:00:00'),
(193, '47', '28', 'Donec ut mauris eget massa tempor convallis.', 5, 1, '2015-08-23 22:00:00', '2016-05-21 22:00:00'),
(194, '10', '30', 'Nam ultrices, libero non mattis pulvinar, nulla pede ullamcorper augue, a suscipit nulla elit ac nulla.', 1, 0, '2016-02-11 23:00:00', '2016-06-07 22:00:00'),
(195, '48', '47', 'Sed sagittis. Nam congue, risus semper porta volutpat, quam pede lobortis ligula, sit amet eleifend pede libero quis orci.', 5, 0, '2016-03-17 23:00:00', '2015-12-01 23:00:00'),
(196, '18', '18', 'Cras non velit nec nisi vulputate nonummy.', 2, 1, '2015-08-22 22:00:00', '2015-09-12 22:00:00'),
(197, '34', '11', 'In congue.', 5, 0, '2016-04-19 22:00:00', '2016-02-17 23:00:00'),
(198, '34', '13', 'In hac habitasse platea dictumst.', 2, 1, '2016-02-15 23:00:00', '2015-08-15 22:00:00'),
(199, '9', '47', 'In congue.', 2, 1, '2015-11-22 23:00:00', '2016-06-17 22:00:00'),
(200, '38', '43', 'Maecenas tristique, est et tempus semper, est quam pharetra magna, ac consequat metus sapien ut nunc.', 3, 1, '2016-04-03 22:00:00', '2016-07-20 22:00:00'),
(201, '20', '41', 'Nullam porttitor lacus at turpis.', 4, 1, '2015-10-18 22:00:00', '2015-10-22 22:00:00'),
(202, '4', '40', 'Curabitur gravida nisi at nibh.', 4, 0, '2016-02-08 23:00:00', '2016-03-14 23:00:00'),
(203, '33', '28', 'Fusce lacus purus, aliquet at, feugiat non, pretium quis, lectus. Suspendisse potenti.', 1, 1, '2016-06-17 22:00:00', '2016-05-30 22:00:00'),
(204, '11', '32', 'Nullam porttitor lacus at turpis. Donec posuere metus vitae ipsum.', 5, 0, '2016-07-02 22:00:00', '2015-12-18 23:00:00'),
(205, '44', '1', 'Cras mi pede, malesuada in, imperdiet et, commodo vulputate, justo.', 3, 1, '2015-11-30 23:00:00', '2016-06-02 22:00:00'),
(206, '43', '25', 'Quisque arcu libero, rutrum ac, lobortis vel, dapibus at, diam. Nam tristique tortor eu pede.', 2, 1, '2016-01-20 23:00:00', '2015-09-07 22:00:00'),
(207, '8', '20', 'Suspendisse accumsan tortor quis turpis. Sed ante.', 1, 1, '2015-12-24 23:00:00', '2016-04-11 22:00:00'),
(208, '6', '22', 'Nulla tempus. Vivamus in felis eu sapien cursus vestibulum.', 1, 1, '2016-08-03 22:00:00', '2016-02-26 23:00:00'),
(209, '18', '29', 'Integer non velit.', 5, 0, '2015-12-06 23:00:00', '2016-06-04 22:00:00'),
(210, '26', '23', 'Aliquam non mauris. Morbi non lectus.', 2, 0, '2015-10-10 22:00:00', '2015-10-12 22:00:00'),
(211, '15', '41', 'Morbi vel lectus in quam fringilla rhoncus.', 2, 0, '2015-09-14 22:00:00', '2016-01-31 23:00:00'),
(212, '6', '48', 'Duis consequat dui nec nisi volutpat eleifend.', 2, 1, '2016-01-05 23:00:00', '2015-12-05 23:00:00'),
(213, '21', '30', 'Fusce lacus purus, aliquet at, feugiat non, pretium quis, lectus.', 3, 1, '2015-08-10 22:00:00', '2015-11-29 23:00:00'),
(214, '13', '47', 'Mauris lacinia sapien quis libero. Nullam sit amet turpis elementum ligula vehicula consequat.', 2, 1, '2016-03-20 23:00:00', '2015-11-02 23:00:00'),
(215, '30', '3', 'Quisque erat eros, viverra eget, congue eget, semper rutrum, nulla. Nunc purus.', 3, 1, '2016-02-06 23:00:00', '2016-02-18 23:00:00'),
(216, '40', '36', 'Morbi porttitor lorem id ligula. Suspendisse ornare consequat lectus.', 5, 0, '2016-01-10 23:00:00', '2015-09-17 22:00:00'),
(217, '23', '5', 'Nulla ac enim. In tempor, turpis nec euismod scelerisque, quam turpis adipiscing lorem, vitae mattis nibh ligula nec sem.', 3, 0, '2016-07-21 22:00:00', '2016-01-15 23:00:00'),
(218, '16', '15', 'Aliquam quis turpis eget elit sodales scelerisque. Mauris sit amet eros.', 2, 0, '2016-01-06 23:00:00', '2015-10-11 22:00:00'),
(219, '47', '6', 'In hac habitasse platea dictumst. Morbi vestibulum, velit id pretium iaculis, diam erat fermentum justo, nec condimentum neque sapien placerat ante.', 3, 0, '2016-04-09 22:00:00', '2016-04-08 22:00:00'),
(220, '38', '40', 'Duis consequat dui nec nisi volutpat eleifend.', 5, 0, '2015-11-22 23:00:00', '2016-07-23 22:00:00'),
(221, '12', '33', 'In hac habitasse platea dictumst. Aliquam augue quam, sollicitudin vitae, consectetuer eget, rutrum at, lorem.', 1, 1, '2016-03-20 23:00:00', '2015-11-29 23:00:00'),
(222, '29', '3', 'Vestibulum ac est lacinia nisi venenatis tristique.', 1, 1, '2016-07-26 22:00:00', '2016-01-15 23:00:00'),
(223, '43', '45', 'Vestibulum ante ipsum primis in faucibus orci luctus et ultrices posuere cubilia Curae; Nulla dapibus dolor vel est.', 3, 0, '2016-04-26 22:00:00', '2016-01-17 23:00:00'),
(224, '6', '48', 'Donec odio justo, sollicitudin ut, suscipit a, feugiat et, eros.', 1, 1, '2015-09-10 22:00:00', '2015-10-10 22:00:00'),
(225, '48', '35', 'Donec dapibus. Duis at velit eu est congue elementum.', 5, 0, '2016-01-03 23:00:00', '2016-01-24 23:00:00'),
(226, '14', '5', 'Morbi a ipsum.', 1, 0, '2015-09-13 22:00:00', '2015-09-28 22:00:00'),
(227, '6', '31', 'Donec odio justo, sollicitudin ut, suscipit a, feugiat et, eros.', 1, 1, '2016-07-07 22:00:00', '2015-12-19 23:00:00'),
(228, '8', '47', 'Aliquam erat volutpat. In congue.', 5, 1, '2015-08-25 22:00:00', '2016-04-25 22:00:00'),
(229, '30', '49', 'Cum sociis natoque penatibus et magnis dis parturient montes, nascetur ridiculus mus.', 2, 1, '2016-06-24 22:00:00', '2016-03-19 23:00:00'),
(230, '19', '4', 'In hac habitasse platea dictumst.', 3, 1, '2016-06-11 22:00:00', '2016-06-13 22:00:00'),
(231, '1', '5', 'Nunc rhoncus dui vel sem.', 1, 0, '2016-05-16 22:00:00', '2016-06-26 22:00:00'),
(232, '44', '43', 'Ut tellus. Nulla ut erat id mauris vulputate elementum.', 4, 1, '2016-02-19 23:00:00', '2016-05-31 22:00:00'),
(233, '48', '8', 'Ut at dolor quis odio consequat varius. Integer ac leo.', 3, 1, '2016-04-18 22:00:00', '2015-10-17 22:00:00'),
(234, '31', '19', 'Nulla suscipit ligula in lacus. Curabitur at ipsum ac tellus semper interdum.', 4, 0, '2015-12-23 23:00:00', '2016-07-16 22:00:00'),
(235, '2', '49', 'Vestibulum rutrum rutrum neque.', 1, 1, '2016-05-20 22:00:00', '2016-01-13 23:00:00'),
(236, '47', '39', 'In quis justo.', 2, 1, '2016-03-08 23:00:00', '2016-01-28 23:00:00'),
(237, '29', '2', 'In tempor, turpis nec euismod scelerisque, quam turpis adipiscing lorem, vitae mattis nibh ligula nec sem.', 2, 0, '2015-12-06 23:00:00', '2016-02-05 23:00:00'),
(238, '19', '17', 'Nam dui. Proin leo odio, porttitor id, consequat in, consequat ut, nulla.', 2, 0, '2016-02-08 23:00:00', '2015-11-16 23:00:00'),
(239, '41', '5', 'Nulla mollis molestie lorem. Quisque ut erat.', 3, 0, '2016-04-16 22:00:00', '2015-08-31 22:00:00'),
(240, '1', '19', 'Donec vitae nisi. Nam ultrices, libero non mattis pulvinar, nulla pede ullamcorper augue, a suscipit nulla elit ac nulla.', 5, 1, '2016-04-19 22:00:00', '2016-02-05 23:00:00'),
(241, '9', '18', 'Pellentesque eget nunc. Donec quis orci eget orci vehicula condimentum.', 3, 0, '2016-08-04 22:00:00', '2015-12-13 23:00:00'),
(242, '37', '24', 'Donec ut dolor. Morbi vel lectus in quam fringilla rhoncus.', 5, 1, '2016-01-11 23:00:00', '2015-10-19 22:00:00'),
(243, '17', '24', 'Nullam molestie nibh in lectus.', 2, 1, '2015-09-01 22:00:00', '2016-05-06 22:00:00'),
(244, '1', '10', 'Nam nulla. Integer pede justo, lacinia eget, tincidunt eget, tempus vel, pede.', 2, 0, '2015-10-05 22:00:00', '2015-12-26 23:00:00'),
(245, '50', '8', 'Duis ac nibh. Fusce lacus purus, aliquet at, feugiat non, pretium quis, lectus.', 3, 0, '2015-10-23 22:00:00', '2015-08-12 22:00:00'),
(246, '44', '1', 'Morbi non quam nec dui luctus rutrum.', 4, 1, '2016-05-08 22:00:00', '2016-07-29 22:00:00'),
(247, '33', '43', 'Suspendisse ornare consequat lectus.', 3, 1, '2016-05-26 22:00:00', '2016-07-07 22:00:00'),
(248, '19', '31', 'Nulla neque libero, convallis eget, eleifend luctus, ultricies eu, nibh. Quisque id justo sit amet sapien dignissim vestibulum.', 2, 1, '2016-05-23 22:00:00', '2016-04-01 22:00:00'),
(249, '17', '4', 'Duis consequat dui nec nisi volutpat eleifend. Donec ut dolor.', 4, 0, '2016-03-18 23:00:00', '2016-03-11 23:00:00'),
(250, '14', '43', 'Sed accumsan felis.', 5, 0, '2016-06-30 22:00:00', '2015-11-09 23:00:00'),
(251, '4', '25', 'Vestibulum ante ipsum primis in faucibus orci luctus et ultrices posuere cubilia Curae; Donec pharetra, magna vestibulum aliquet ultrices, erat tortor sollicitudin mi, sit amet lobortis sapien sapien non mi. Integer ac neque.', 4, 0, '2016-04-12 22:00:00', '2016-08-13 12:45:25'),
(252, '49', '17', 'Maecenas tristique, est et tempus semper, est quam pharetra magna, ac consequat metus sapien ut nunc.', 2, 0, '2015-11-23 23:00:00', '2016-03-17 23:00:00'),
(253, '31', '40', 'Fusce lacus purus, aliquet at, feugiat non, pretium quis, lectus. Suspendisse potenti.', 2, 0, '2015-08-18 22:00:00', '2015-10-01 22:00:00'),
(254, '16', '50', 'Vestibulum quam sapien, varius ut, blandit non, interdum in, ante. Vestibulum ante ipsum primis in faucibus orci luctus et ultrices posuere cubilia Curae; Duis faucibus accumsan odio.', 4, 0, '2016-07-13 22:00:00', '2016-07-17 22:00:00'),
(255, '31', '26', 'Donec semper sapien a libero.', 4, 1, '2016-01-22 23:00:00', '2016-05-05 22:00:00'),
(256, '34', '14', 'Aliquam sit amet diam in magna bibendum imperdiet. Nullam orci pede, venenatis non, sodales sed, tincidunt eu, felis.', 2, 1, '2016-03-18 23:00:00', '2015-08-25 22:00:00'),
(257, '45', '38', 'Nulla tellus.', 1, 0, '2016-03-13 23:00:00', '2016-01-09 23:00:00'),
(258, '47', '1', 'Nam nulla. Integer pede justo, lacinia eget, tincidunt eget, tempus vel, pede.', 3, 1, '2015-11-05 23:00:00', '2015-12-10 23:00:00'),
(259, '20', '45', 'Fusce posuere felis sed lacus. Morbi sem mauris, laoreet ut, rhoncus aliquet, pulvinar sed, nisl.', 1, 0, '2016-02-21 23:00:00', '2015-08-07 22:00:00'),
(260, '40', '39', 'Donec ut dolor. Morbi vel lectus in quam fringilla rhoncus.', 1, 0, '2015-09-23 22:00:00', '2016-04-19 22:00:00'),
(261, '14', '40', 'Duis ac nibh. Fusce lacus purus, aliquet at, feugiat non, pretium quis, lectus.', 1, 0, '2016-05-21 22:00:00', '2016-04-23 22:00:00'),
(262, '25', '30', 'Duis bibendum.', 2, 0, '2016-01-12 23:00:00', '2016-06-30 22:00:00'),
(263, '30', '38', 'Aenean sit amet justo.', 5, 1, '2016-07-23 22:00:00', '2016-03-25 23:00:00'),
(264, '41', '13', 'Donec semper sapien a libero. Nam dui.', 4, 1, '2016-03-22 23:00:00', '2016-06-07 22:00:00'),
(265, '49', '4', 'Ut tellus. Nulla ut erat id mauris vulputate elementum.', 2, 1, '2015-08-28 22:00:00', '2016-07-31 22:00:00'),
(266, '20', '24', 'Nullam orci pede, venenatis non, sodales sed, tincidunt eu, felis.', 1, 0, '2016-05-08 22:00:00', '2015-11-02 23:00:00'),
(267, '3', '3', 'Vivamus vel nulla eget eros elementum pellentesque. Quisque porta volutpat erat.', 3, 1, '2016-06-20 22:00:00', '2016-06-21 22:00:00'),
(268, '8', '13', 'Praesent blandit.', 1, 1, '2016-01-15 23:00:00', '2016-03-31 22:00:00'),
(269, '21', '26', 'Nullam molestie nibh in lectus. Pellentesque at nulla.', 4, 0, '2015-12-03 23:00:00', '2015-11-06 23:00:00'),
(270, '49', '49', 'Vivamus in felis eu sapien cursus vestibulum. Proin eu mi.', 5, 1, '2015-11-26 23:00:00', '2016-01-19 23:00:00'),
(271, '3', '11', 'Aenean sit amet justo.', 4, 0, '2015-12-16 23:00:00', '2016-07-26 22:00:00'),
(272, '24', '28', 'Quisque erat eros, viverra eget, congue eget, semper rutrum, nulla.', 3, 1, '2015-08-18 22:00:00', '2015-12-30 23:00:00'),
(273, '44', '48', 'Etiam justo. Etiam pretium iaculis justo.', 2, 1, '2015-09-04 22:00:00', '2015-12-29 23:00:00'),
(274, '50', '40', 'Donec posuere metus vitae ipsum.', 4, 1, '2015-12-30 23:00:00', '2016-03-30 22:00:00'),
(275, '4', '33', 'Donec semper sapien a libero. Nam dui.', 5, 0, '2015-10-09 22:00:00', '2015-08-14 22:00:00'),
(276, '49', '22', 'Nunc purus. Phasellus in felis.', 5, 1, '2015-11-16 23:00:00', '2015-09-28 22:00:00'),
(277, '23', '10', 'Nullam orci pede, venenatis non, sodales sed, tincidunt eu, felis. Fusce posuere felis sed lacus.', 3, 0, '2016-07-12 22:00:00', '2015-08-07 22:00:00'),
(278, '19', '3', 'Proin leo odio, porttitor id, consequat in, consequat ut, nulla.', 2, 0, '2015-08-21 22:00:00', '2016-07-26 22:00:00'),
(279, '10', '16', 'Integer ac neque. Duis bibendum.', 5, 1, '2015-11-04 23:00:00', '2016-03-28 22:00:00'),
(280, '48', '48', 'Etiam pretium iaculis justo.', 5, 1, '2015-12-09 23:00:00', '2015-09-20 22:00:00'),
(281, '5', '4', 'Duis bibendum.', 4, 0, '2016-04-30 22:00:00', '2015-08-22 22:00:00'),
(282, '21', '34', 'In hac habitasse platea dictumst. Maecenas ut massa quis augue luctus tincidunt.', 5, 1, '2016-07-17 22:00:00', '2016-03-31 22:00:00'),
(283, '14', '41', 'Praesent lectus.', 1, 0, '2015-11-17 23:00:00', '2016-04-12 22:00:00'),
(284, '16', '26', 'Mauris sit amet eros. Suspendisse accumsan tortor quis turpis.', 2, 1, '2015-11-13 23:00:00', '2015-10-14 22:00:00'),
(285, '46', '37', 'Nullam orci pede, venenatis non, sodales sed, tincidunt eu, felis.', 1, 1, '2016-02-01 23:00:00', '2015-12-12 23:00:00'),
(286, '8', '24', 'Aenean auctor gravida sem. Praesent id massa id nisl venenatis lacinia.', 1, 1, '2016-06-14 22:00:00', '2015-11-15 23:00:00'),
(287, '38', '1', 'Suspendisse potenti. In eleifend quam a odio.', 5, 1, '2016-07-22 22:00:00', '2015-11-13 23:00:00'),
(288, '9', '26', 'Pellentesque at nulla.', 2, 1, '2015-09-22 22:00:00', '2016-02-10 23:00:00'),
(289, '29', '50', 'Integer a nibh.', 3, 0, '2015-12-29 23:00:00', '2015-10-07 22:00:00'),
(290, '1', '20', 'Lorem ipsum dolor sit amet, consectetuer adipiscing elit.', 5, 1, '2016-04-12 22:00:00', '2015-09-10 22:00:00'),
(291, '33', '42', 'Maecenas ut massa quis augue luctus tincidunt.', 3, 1, '2016-03-03 23:00:00', '2015-12-07 23:00:00'),
(292, '48', '22', 'Curabitur at ipsum ac tellus semper interdum.', 5, 1, '2016-03-09 23:00:00', '2016-07-27 22:00:00'),
(293, '45', '29', 'Etiam pretium iaculis justo. In hac habitasse platea dictumst.', 2, 0, '2015-10-10 22:00:00', '2016-05-24 22:00:00'),
(294, '23', '43', 'In hac habitasse platea dictumst.', 1, 1, '2016-03-27 22:00:00', '2016-04-20 22:00:00'),
(295, '47', '8', 'Etiam vel augue. Vestibulum rutrum rutrum neque.', 2, 1, '2016-07-19 22:00:00', '2015-08-23 22:00:00'),
(296, '24', '30', 'Nunc nisl.', 2, 1, '2016-03-08 23:00:00', '2015-09-15 22:00:00'),
(297, '5', '39', 'In sagittis dui vel nisl. Duis ac nibh.', 4, 0, '2015-11-08 23:00:00', '2015-08-25 22:00:00'),
(298, '16', '21', 'Cras non velit nec nisi vulputate nonummy.', 5, 0, '2015-09-26 22:00:00', '2016-05-25 22:00:00'),
(299, '11', '40', 'Mauris lacinia sapien quis libero.', 5, 0, '2016-07-29 22:00:00', '2016-05-11 22:00:00'),
(300, '49', '22', 'Morbi quis tortor id nulla ultrices aliquet. Maecenas leo odio, condimentum id, luctus nec, molestie sed, justo.', 5, 0, '2016-02-19 23:00:00', '2015-10-26 23:00:00'),
(301, '19', '42', 'Aenean fermentum. Donec ut mauris eget massa tempor convallis.', 1, 1, '2016-03-09 23:00:00', '2016-07-27 22:00:00'),
(302, '19', '24', 'In blandit ultrices enim.', 4, 0, '2015-11-15 23:00:00', '2016-01-15 23:00:00'),
(303, '42', '5', 'Nulla nisl. Nunc nisl.', 3, 0, '2016-08-06 22:00:00', '2016-02-10 23:00:00'),
(304, '20', '13', 'Integer ac neque.', 5, 0, '2015-12-28 23:00:00', '2016-07-21 22:00:00'),
(305, '18', '6', 'Etiam faucibus cursus urna. Ut tellus.', 5, 0, '2015-12-15 23:00:00', '2016-01-09 23:00:00'),
(306, '10', '24', 'Duis mattis egestas metus.', 3, 1, '2016-04-19 22:00:00', '2016-04-05 22:00:00'),
(307, '3', '42', 'Vestibulum ante ipsum primis in faucibus orci luctus et ultrices posuere cubilia Curae; Donec pharetra, magna vestibulum aliquet ultrices, erat tortor sollicitudin mi, sit amet lobortis sapien sapien non mi.', 3, 1, '2016-05-21 22:00:00', '2016-02-06 23:00:00'),
(308, '13', '10', 'Morbi non quam nec dui luctus rutrum.', 2, 0, '2016-04-07 22:00:00', '2016-02-08 23:00:00'),
(309, '22', '46', 'Integer a nibh.', 3, 1, '2016-05-09 22:00:00', '2016-01-07 23:00:00'),
(310, '50', '33', 'In sagittis dui vel nisl. Duis ac nibh.', 1, 0, '2016-03-31 22:00:00', '2015-12-09 23:00:00'),
(311, '6', '13', 'Aliquam non mauris. Morbi non lectus.', 3, 0, '2016-08-04 22:00:00', '2015-08-19 22:00:00'),
(312, '45', '37', 'Proin at turpis a pede posuere nonummy. Integer non velit.', 5, 1, '2015-11-05 23:00:00', '2015-09-06 22:00:00'),
(313, '14', '32', 'Integer pede justo, lacinia eget, tincidunt eget, tempus vel, pede.', 2, 0, '2016-07-29 22:00:00', '2015-12-01 23:00:00'),
(314, '5', '19', 'Morbi sem mauris, laoreet ut, rhoncus aliquet, pulvinar sed, nisl. Nunc rhoncus dui vel sem.', 2, 0, '2016-05-23 22:00:00', '2016-01-08 23:00:00'),
(315, '29', '33', 'In eleifend quam a odio. In hac habitasse platea dictumst.', 2, 0, '2015-08-23 22:00:00', '2016-07-23 22:00:00'),
(316, '17', '19', 'In hac habitasse platea dictumst. Morbi vestibulum, velit id pretium iaculis, diam erat fermentum justo, nec condimentum neque sapien placerat ante.', 5, 0, '2015-08-28 22:00:00', '2015-11-17 23:00:00'),
(317, '17', '24', 'Aliquam erat volutpat. In congue.', 3, 0, '2015-08-22 22:00:00', '2015-09-27 22:00:00'),
(318, '17', '33', 'Sed sagittis. Nam congue, risus semper porta volutpat, quam pede lobortis ligula, sit amet eleifend pede libero quis orci.', 4, 1, '2016-03-11 23:00:00', '2016-05-13 22:00:00'),
(319, '35', '18', 'Vestibulum sed magna at nunc commodo placerat. Praesent blandit.', 1, 0, '2016-07-31 22:00:00', '2016-02-14 23:00:00'),
(320, '14', '24', 'Maecenas tristique, est et tempus semper, est quam pharetra magna, ac consequat metus sapien ut nunc.', 4, 0, '2016-05-13 22:00:00', '2016-01-05 23:00:00'),
(321, '34', '8', 'Praesent lectus.', 5, 1, '2016-05-28 22:00:00', '2016-01-31 23:00:00'),
(322, '32', '47', 'Suspendisse accumsan tortor quis turpis.', 3, 0, '2016-02-06 23:00:00', '2016-05-01 22:00:00'),
(323, '5', '44', 'Donec diam neque, vestibulum eget, vulputate ut, ultrices vel, augue. Vestibulum ante ipsum primis in faucibus orci luctus et ultrices posuere cubilia Curae; Donec pharetra, magna vestibulum aliquet ultrices, erat tortor sollicitudin mi, sit amet lobortis sapien sapien non mi.', 1, 0, '2015-08-13 22:00:00', '2016-03-02 23:00:00'),
(324, '24', '17', 'Morbi vel lectus in quam fringilla rhoncus.', 1, 1, '2015-11-02 23:00:00', '2016-03-17 23:00:00'),
(325, '7', '4', 'Nam nulla.', 5, 1, '2016-06-28 22:00:00', '2016-02-26 23:00:00'),
(326, '20', '20', 'In sagittis dui vel nisl.', 1, 0, '2016-06-06 22:00:00', '2016-04-28 22:00:00'),
(327, '19', '2', 'Suspendisse potenti.', 1, 0, '2016-03-16 23:00:00', '2016-04-27 22:00:00'),
(328, '44', '44', 'Pellentesque viverra pede ac diam. Cras pellentesque volutpat dui.', 5, 1, '2016-07-28 22:00:00', '2015-11-15 23:00:00'),
(329, '45', '38', 'Quisque porta volutpat erat.', 4, 0, '2015-11-28 23:00:00', '2015-10-20 22:00:00'),
(330, '39', '44', 'Nunc purus.', 2, 1, '2016-04-15 22:00:00', '2016-05-03 22:00:00'),
(331, '18', '4', 'Proin at turpis a pede posuere nonummy. Integer non velit.', 5, 0, '2016-04-30 22:00:00', '2016-06-18 22:00:00'),
(332, '17', '46', 'Mauris ullamcorper purus sit amet nulla. Quisque arcu libero, rutrum ac, lobortis vel, dapibus at, diam.', 4, 0, '2016-05-23 22:00:00', '2016-07-15 22:00:00'),
(333, '10', '29', 'Suspendisse potenti. Nullam porttitor lacus at turpis.', 5, 1, '2016-01-23 23:00:00', '2016-01-20 23:00:00'),
(334, '31', '4', 'Cras non velit nec nisi vulputate nonummy. Maecenas tincidunt lacus at velit.', 5, 1, '2016-01-20 23:00:00', '2016-02-10 23:00:00'),
(335, '42', '9', 'Duis at velit eu est congue elementum. In hac habitasse platea dictumst.', 2, 1, '2015-10-18 22:00:00', '2015-11-27 23:00:00'),
(336, '50', '27', 'In eleifend quam a odio.', 3, 1, '2016-04-04 22:00:00', '2015-09-22 22:00:00'),
(337, '47', '42', 'Morbi ut odio.', 3, 1, '2016-07-20 22:00:00', '2016-01-20 23:00:00'),
(338, '10', '25', 'Integer non velit. Donec diam neque, vestibulum eget, vulputate ut, ultrices vel, augue.', 4, 1, '2015-11-25 23:00:00', '2015-11-03 23:00:00'),
(339, '25', '39', 'Etiam vel augue. Vestibulum rutrum rutrum neque.', 5, 0, '2016-02-20 23:00:00', '2016-05-11 22:00:00'),
(340, '2', '4', 'Donec diam neque, vestibulum eget, vulputate ut, ultrices vel, augue. Vestibulum ante ipsum primis in faucibus orci luctus et ultrices posuere cubilia Curae; Donec pharetra, magna vestibulum aliquet ultrices, erat tortor sollicitudin mi, sit amet lobortis sapien sapien non mi.', 2, 0, '2016-03-29 22:00:00', '2016-06-03 22:00:00'),
(341, '48', '30', 'Cras mi pede, malesuada in, imperdiet et, commodo vulputate, justo. In blandit ultrices enim.', 4, 1, '2015-11-01 23:00:00', '2016-08-01 22:00:00'),
(342, '49', '39', 'Quisque id justo sit amet sapien dignissim vestibulum. Vestibulum ante ipsum primis in faucibus orci luctus et ultrices posuere cubilia Curae; Nulla dapibus dolor vel est.', 3, 1, '2016-01-24 23:00:00', '2015-10-23 22:00:00'),
(343, '42', '16', 'Vivamus vestibulum sagittis sapien.', 5, 1, '2016-03-05 23:00:00', '2016-01-13 23:00:00'),
(344, '19', '18', 'Nulla ut erat id mauris vulputate elementum. Nullam varius.', 4, 0, '2015-11-25 23:00:00', '2015-12-01 23:00:00'),
(345, '28', '22', 'Lorem ipsum dolor sit amet, consectetuer adipiscing elit.', 2, 1, '2016-05-01 22:00:00', '2016-05-13 22:00:00'),
(346, '34', '33', 'Nunc rhoncus dui vel sem.', 1, 0, '2016-08-01 22:00:00', '2015-08-19 22:00:00'),
(347, '39', '45', 'Pellentesque ultrices mattis odio.', 3, 0, '2015-08-15 22:00:00', '2016-02-23 23:00:00'),
(348, '15', '6', 'In hac habitasse platea dictumst. Etiam faucibus cursus urna.', 2, 0, '2015-10-08 22:00:00', '2016-07-05 22:00:00'),
(349, '33', '30', 'Cras mi pede, malesuada in, imperdiet et, commodo vulputate, justo. In blandit ultrices enim.', 2, 0, '2016-03-11 23:00:00', '2015-08-09 22:00:00'),
(350, '14', '24', 'In est risus, auctor sed, tristique in, tempus sit amet, sem. Fusce consequat.', 3, 1, '2015-09-04 22:00:00', '2015-09-14 22:00:00'),
(351, '43', '30', 'Vestibulum sed magna at nunc commodo placerat.', 1, 0, '2016-06-15 22:00:00', '2015-08-29 22:00:00'),
(352, '24', '45', 'Duis aliquam convallis nunc.', 3, 1, '2016-04-23 22:00:00', '2015-12-17 23:00:00'),
(353, '32', '14', 'Mauris lacinia sapien quis libero. Nullam sit amet turpis elementum ligula vehicula consequat.', 1, 1, '2016-06-18 22:00:00', '2016-02-05 23:00:00'),
(354, '36', '12', 'Integer tincidunt ante vel ipsum.', 1, 0, '2016-03-21 23:00:00', '2016-03-16 23:00:00'),
(355, '1', '32', 'Praesent lectus.', 3, 0, '2016-07-27 22:00:00', '2016-07-12 22:00:00'),
(356, '12', '45', 'Suspendisse potenti. Nullam porttitor lacus at turpis.', 4, 0, '2015-12-10 23:00:00', '2015-08-21 22:00:00'),
(357, '6', '38', 'Phasellus sit amet erat.', 1, 1, '2015-11-07 23:00:00', '2016-07-05 22:00:00'),
(358, '50', '38', 'Proin interdum mauris non ligula pellentesque ultrices.', 1, 1, '2016-06-15 22:00:00', '2016-03-08 23:00:00'),
(359, '3', '4', 'Donec ut dolor. Morbi vel lectus in quam fringilla rhoncus.', 5, 0, '2016-06-02 22:00:00', '2016-03-25 23:00:00'),
(360, '23', '12', 'Nullam molestie nibh in lectus.', 4, 0, '2016-07-11 22:00:00', '2015-12-07 23:00:00'),
(361, '28', '50', 'Cum sociis natoque penatibus et magnis dis parturient montes, nascetur ridiculus mus. Vivamus vestibulum sagittis sapien.', 1, 0, '2016-02-24 23:00:00', '2015-12-03 23:00:00'),
(362, '34', '26', 'Nunc rhoncus dui vel sem. Sed sagittis.', 1, 1, '2015-10-06 22:00:00', '2015-11-07 23:00:00'),
(363, '9', '34', 'Aenean auctor gravida sem. Praesent id massa id nisl venenatis lacinia.', 5, 1, '2016-03-09 23:00:00', '2016-02-22 23:00:00'),
(364, '34', '42', 'Aenean auctor gravida sem.', 4, 1, '2015-08-22 22:00:00', '2016-03-22 23:00:00'),
(365, '5', '36', 'Integer a nibh.', 4, 0, '2016-01-23 23:00:00', '2016-04-28 22:00:00'),
(366, '5', '26', 'In est risus, auctor sed, tristique in, tempus sit amet, sem. Fusce consequat.', 5, 1, '2016-07-21 22:00:00', '2015-09-27 22:00:00'),
(367, '42', '36', 'Cras pellentesque volutpat dui. Maecenas tristique, est et tempus semper, est quam pharetra magna, ac consequat metus sapien ut nunc.', 4, 1, '2016-04-13 22:00:00', '2016-02-12 23:00:00'),
(368, '49', '50', 'Vestibulum ante ipsum primis in faucibus orci luctus et ultrices posuere cubilia Curae; Donec pharetra, magna vestibulum aliquet ultrices, erat tortor sollicitudin mi, sit amet lobortis sapien sapien non mi.', 2, 1, '2016-06-28 22:00:00', '2015-10-20 22:00:00'),
(369, '36', '30', 'In blandit ultrices enim.', 5, 1, '2016-03-02 23:00:00', '2015-10-30 23:00:00'),
(370, '6', '17', 'Donec ut mauris eget massa tempor convallis.', 3, 1, '2016-01-30 23:00:00', '2015-08-29 22:00:00'),
(371, '30', '36', 'Donec posuere metus vitae ipsum. Aliquam non mauris.', 3, 0, '2016-01-24 23:00:00', '2016-04-03 22:00:00');
INSERT INTO `review` (`id`, `user`, `reviewed_user`, `review_content`, `rating`, `published`, `created_at`, `updated_at`) VALUES
(372, '35', '21', 'Maecenas tincidunt lacus at velit.', 1, 0, '2016-06-12 22:00:00', '2016-03-29 22:00:00'),
(373, '4', '18', 'In hac habitasse platea dictumst. Maecenas ut massa quis augue luctus tincidunt.', 1, 0, '2015-08-21 22:00:00', '2016-08-13 12:45:25'),
(374, '29', '32', 'Integer ac leo.', 3, 0, '2015-08-29 22:00:00', '2016-02-29 23:00:00'),
(375, '7', '32', 'Maecenas tincidunt lacus at velit.', 4, 0, '2015-08-24 22:00:00', '2016-06-16 22:00:00'),
(376, '11', '2', 'Vestibulum quam sapien, varius ut, blandit non, interdum in, ante.', 5, 0, '2016-05-30 22:00:00', '2016-04-17 22:00:00'),
(377, '32', '17', 'Quisque arcu libero, rutrum ac, lobortis vel, dapibus at, diam. Nam tristique tortor eu pede.', 4, 1, '2015-09-02 22:00:00', '2015-11-30 23:00:00'),
(378, '10', '14', 'Suspendisse ornare consequat lectus. In est risus, auctor sed, tristique in, tempus sit amet, sem.', 5, 1, '2015-11-17 23:00:00', '2016-04-05 22:00:00'),
(379, '33', '5', 'Vivamus vestibulum sagittis sapien. Cum sociis natoque penatibus et magnis dis parturient montes, nascetur ridiculus mus.', 3, 0, '2016-04-03 22:00:00', '2015-09-30 22:00:00'),
(380, '31', '8', 'Mauris sit amet eros. Suspendisse accumsan tortor quis turpis.', 5, 0, '2015-10-22 22:00:00', '2016-05-06 22:00:00'),
(381, '29', '5', 'Quisque porta volutpat erat. Quisque erat eros, viverra eget, congue eget, semper rutrum, nulla.', 5, 1, '2016-03-04 23:00:00', '2016-02-23 23:00:00'),
(382, '26', '49', 'Integer aliquet, massa id lobortis convallis, tortor risus dapibus augue, vel accumsan tellus nisi eu orci. Mauris lacinia sapien quis libero.', 1, 0, '2015-10-02 22:00:00', '2016-06-01 22:00:00'),
(383, '10', '4', 'Morbi non lectus.', 3, 1, '2015-09-08 22:00:00', '2016-01-02 23:00:00'),
(384, '25', '24', 'Vestibulum ante ipsum primis in faucibus orci luctus et ultrices posuere cubilia Curae; Duis faucibus accumsan odio. Curabitur convallis.', 1, 1, '2016-07-16 22:00:00', '2016-06-01 22:00:00'),
(385, '43', '21', 'Nullam sit amet turpis elementum ligula vehicula consequat. Morbi a ipsum.', 5, 0, '2016-06-13 22:00:00', '2016-01-09 23:00:00'),
(386, '3', '28', 'Praesent id massa id nisl venenatis lacinia. Aenean sit amet justo.', 5, 1, '2015-12-29 23:00:00', '2016-08-05 22:00:00'),
(387, '3', '15', 'In quis justo. Maecenas rhoncus aliquam lacus.', 3, 1, '2016-07-25 22:00:00', '2015-12-02 23:00:00'),
(388, '26', '37', 'Nulla mollis molestie lorem. Quisque ut erat.', 4, 1, '2016-01-04 23:00:00', '2016-07-17 22:00:00'),
(389, '41', '22', 'Nunc purus. Phasellus in felis.', 3, 0, '2015-11-07 23:00:00', '2016-01-01 23:00:00'),
(390, '13', '8', 'Integer a nibh. In quis justo.', 3, 1, '2015-11-03 23:00:00', '2016-02-11 23:00:00'),
(391, '4', '46', 'Duis mattis egestas metus. Aenean fermentum.', 5, 0, '2015-12-13 23:00:00', '2016-08-13 12:45:25'),
(392, '24', '16', 'Cum sociis natoque penatibus et magnis dis parturient montes, nascetur ridiculus mus.', 3, 0, '2016-02-27 23:00:00', '2015-08-24 22:00:00'),
(393, '31', '32', 'Morbi porttitor lorem id ligula.', 5, 1, '2016-01-07 23:00:00', '2016-03-19 23:00:00'),
(394, '9', '13', 'Maecenas tincidunt lacus at velit.', 1, 1, '2016-04-06 22:00:00', '2015-09-13 22:00:00'),
(395, '21', '41', 'Lorem ipsum dolor sit amet, consectetuer adipiscing elit.', 5, 1, '2016-07-31 22:00:00', '2016-02-18 23:00:00'),
(396, '8', '15', 'Aliquam quis turpis eget elit sodales scelerisque. Mauris sit amet eros.', 5, 1, '2016-04-26 22:00:00', '2016-07-26 22:00:00'),
(397, '22', '34', 'Nulla ac enim. In tempor, turpis nec euismod scelerisque, quam turpis adipiscing lorem, vitae mattis nibh ligula nec sem.', 3, 0, '2016-05-24 22:00:00', '2016-03-18 23:00:00'),
(398, '49', '48', 'Fusce posuere felis sed lacus.', 5, 1, '2016-01-09 23:00:00', '2016-01-29 23:00:00'),
(399, '22', '23', 'Sed sagittis.', 5, 1, '2015-11-09 23:00:00', '2015-09-13 22:00:00'),
(400, '27', '31', 'Vestibulum ante ipsum primis in faucibus orci luctus et ultrices posuere cubilia Curae; Duis faucibus accumsan odio. Curabitur convallis.', 2, 1, '2015-09-08 22:00:00', '2016-04-17 22:00:00'),
(401, '3', '26', 'Mauris sit amet eros.', 3, 0, '2015-09-16 22:00:00', '2015-08-14 22:00:00'),
(402, '12', '10', 'In tempor, turpis nec euismod scelerisque, quam turpis adipiscing lorem, vitae mattis nibh ligula nec sem. Duis aliquam convallis nunc.', 2, 0, '2015-12-05 23:00:00', '2015-12-27 23:00:00'),
(403, '47', '6', 'Donec dapibus.', 5, 0, '2015-09-02 22:00:00', '2016-03-10 23:00:00'),
(404, '48', '34', 'Nullam orci pede, venenatis non, sodales sed, tincidunt eu, felis.', 3, 0, '2015-11-26 23:00:00', '2015-10-21 22:00:00'),
(405, '19', '27', 'Ut at dolor quis odio consequat varius.', 3, 0, '2016-01-29 23:00:00', '2015-08-14 22:00:00'),
(406, '10', '18', 'Maecenas leo odio, condimentum id, luctus nec, molestie sed, justo. Pellentesque viverra pede ac diam.', 3, 0, '2016-03-29 22:00:00', '2015-08-31 22:00:00'),
(407, '28', '12', 'In congue. Etiam justo.', 1, 0, '2016-05-15 22:00:00', '2015-10-15 22:00:00'),
(408, '28', '46', 'Nulla tempus.', 3, 1, '2016-05-07 22:00:00', '2015-10-30 23:00:00'),
(409, '14', '41', 'Morbi vestibulum, velit id pretium iaculis, diam erat fermentum justo, nec condimentum neque sapien placerat ante.', 3, 1, '2016-06-23 22:00:00', '2016-07-11 22:00:00'),
(410, '26', '45', 'Fusce posuere felis sed lacus. Morbi sem mauris, laoreet ut, rhoncus aliquet, pulvinar sed, nisl.', 1, 0, '2016-01-23 23:00:00', '2015-12-08 23:00:00'),
(411, '1', '14', 'Aenean lectus.', 5, 1, '2016-07-08 22:00:00', '2016-06-12 22:00:00'),
(412, '6', '49', 'Pellentesque viverra pede ac diam.', 2, 0, '2016-07-29 22:00:00', '2016-06-08 22:00:00'),
(413, '30', '6', 'Integer a nibh. In quis justo.', 3, 1, '2016-02-19 23:00:00', '2016-07-01 22:00:00'),
(414, '44', '41', 'Proin interdum mauris non ligula pellentesque ultrices. Phasellus id sapien in sapien iaculis congue.', 4, 0, '2016-04-25 22:00:00', '2016-04-29 22:00:00'),
(415, '43', '34', 'Cras pellentesque volutpat dui. Maecenas tristique, est et tempus semper, est quam pharetra magna, ac consequat metus sapien ut nunc.', 3, 0, '2015-08-20 22:00:00', '2016-02-01 23:00:00'),
(416, '33', '49', 'Donec diam neque, vestibulum eget, vulputate ut, ultrices vel, augue.', 3, 1, '2016-01-15 23:00:00', '2015-09-26 22:00:00'),
(417, '35', '16', 'Aliquam non mauris. Morbi non lectus.', 4, 0, '2015-09-15 22:00:00', '2016-01-07 23:00:00'),
(418, '30', '33', 'Integer a nibh. In quis justo.', 5, 1, '2016-07-29 22:00:00', '2016-04-04 22:00:00'),
(419, '21', '9', 'Nam congue, risus semper porta volutpat, quam pede lobortis ligula, sit amet eleifend pede libero quis orci. Nullam molestie nibh in lectus.', 2, 1, '2016-02-10 23:00:00', '2015-09-23 22:00:00'),
(420, '6', '49', 'Cum sociis natoque penatibus et magnis dis parturient montes, nascetur ridiculus mus.', 5, 1, '2016-08-05 22:00:00', '2016-02-04 23:00:00'),
(421, '41', '7', 'Nulla facilisi. Cras non velit nec nisi vulputate nonummy.', 5, 1, '2015-08-11 22:00:00', '2015-12-17 23:00:00'),
(422, '25', '47', 'In eleifend quam a odio. In hac habitasse platea dictumst.', 3, 0, '2016-01-28 23:00:00', '2016-02-29 23:00:00'),
(423, '24', '25', 'Vestibulum sed magna at nunc commodo placerat. Praesent blandit.', 2, 0, '2016-01-11 23:00:00', '2016-04-03 22:00:00'),
(424, '49', '48', 'Donec diam neque, vestibulum eget, vulputate ut, ultrices vel, augue.', 2, 1, '2015-10-01 22:00:00', '2015-08-21 22:00:00'),
(425, '34', '47', 'Vestibulum ante ipsum primis in faucibus orci luctus et ultrices posuere cubilia Curae; Donec pharetra, magna vestibulum aliquet ultrices, erat tortor sollicitudin mi, sit amet lobortis sapien sapien non mi. Integer ac neque.', 3, 0, '2015-08-07 22:00:00', '2016-03-16 23:00:00'),
(426, '15', '31', 'Mauris ullamcorper purus sit amet nulla. Quisque arcu libero, rutrum ac, lobortis vel, dapibus at, diam.', 3, 0, '2015-12-02 23:00:00', '2015-08-25 22:00:00'),
(427, '1', '7', 'Cum sociis natoque penatibus et magnis dis parturient montes, nascetur ridiculus mus. Etiam vel augue.', 3, 0, '2016-05-11 22:00:00', '2015-10-04 22:00:00'),
(428, '8', '10', 'Integer ac leo.', 4, 1, '2015-08-16 22:00:00', '2016-01-27 23:00:00'),
(429, '15', '35', 'Proin risus. Praesent lectus.', 2, 1, '2016-07-22 22:00:00', '2016-01-21 23:00:00'),
(430, '41', '41', 'Fusce lacus purus, aliquet at, feugiat non, pretium quis, lectus. Suspendisse potenti.', 4, 0, '2016-05-25 22:00:00', '2015-12-20 23:00:00'),
(431, '29', '36', 'Morbi ut odio. Cras mi pede, malesuada in, imperdiet et, commodo vulputate, justo.', 4, 1, '2015-10-10 22:00:00', '2015-10-25 23:00:00'),
(432, '39', '11', 'Cras pellentesque volutpat dui. Maecenas tristique, est et tempus semper, est quam pharetra magna, ac consequat metus sapien ut nunc.', 2, 0, '2015-11-14 23:00:00', '2015-08-28 22:00:00'),
(433, '1', '6', 'Proin at turpis a pede posuere nonummy. Integer non velit.', 2, 1, '2015-08-26 22:00:00', '2016-05-06 22:00:00'),
(434, '8', '13', 'Fusce congue, diam id ornare imperdiet, sapien urna pretium nisl, ut volutpat sapien arcu sed augue.', 5, 1, '2016-01-09 23:00:00', '2016-01-15 23:00:00'),
(435, '22', '28', 'Nullam sit amet turpis elementum ligula vehicula consequat. Morbi a ipsum.', 2, 0, '2015-09-02 22:00:00', '2015-10-26 23:00:00'),
(436, '14', '5', 'Aliquam erat volutpat.', 2, 0, '2016-01-01 23:00:00', '2016-06-09 22:00:00'),
(437, '49', '5', 'Etiam vel augue.', 1, 1, '2016-06-30 22:00:00', '2016-05-07 22:00:00'),
(438, '29', '13', 'Maecenas tristique, est et tempus semper, est quam pharetra magna, ac consequat metus sapien ut nunc. Vestibulum ante ipsum primis in faucibus orci luctus et ultrices posuere cubilia Curae; Mauris viverra diam vitae quam.', 3, 1, '2016-05-10 22:00:00', '2016-05-30 22:00:00'),
(439, '45', '22', 'Morbi sem mauris, laoreet ut, rhoncus aliquet, pulvinar sed, nisl. Nunc rhoncus dui vel sem.', 1, 1, '2015-08-26 22:00:00', '2015-10-14 22:00:00'),
(440, '18', '17', 'Suspendisse ornare consequat lectus.', 5, 1, '2015-11-03 23:00:00', '2016-03-04 23:00:00'),
(441, '14', '4', 'Cras non velit nec nisi vulputate nonummy. Maecenas tincidunt lacus at velit.', 2, 0, '2015-12-01 23:00:00', '2016-04-08 22:00:00'),
(442, '2', '27', 'Vivamus in felis eu sapien cursus vestibulum.', 1, 0, '2016-07-25 22:00:00', '2016-03-07 23:00:00'),
(443, '17', '31', 'In eleifend quam a odio. In hac habitasse platea dictumst.', 3, 1, '2016-07-02 22:00:00', '2016-01-26 23:00:00'),
(444, '29', '35', 'Donec ut mauris eget massa tempor convallis. Nulla neque libero, convallis eget, eleifend luctus, ultricies eu, nibh.', 3, 1, '2016-04-27 22:00:00', '2016-02-23 23:00:00'),
(445, '8', '48', 'Nulla justo.', 2, 0, '2015-09-05 22:00:00', '2015-09-23 22:00:00'),
(446, '48', '17', 'Integer pede justo, lacinia eget, tincidunt eget, tempus vel, pede. Morbi porttitor lorem id ligula.', 5, 1, '2016-01-09 23:00:00', '2015-11-02 23:00:00'),
(447, '12', '9', 'Vestibulum sed magna at nunc commodo placerat. Praesent blandit.', 5, 1, '2016-04-06 22:00:00', '2015-11-30 23:00:00'),
(448, '23', '3', 'Morbi porttitor lorem id ligula. Suspendisse ornare consequat lectus.', 2, 1, '2015-11-03 23:00:00', '2015-10-15 22:00:00'),
(449, '11', '22', 'Donec posuere metus vitae ipsum.', 2, 0, '2015-08-20 22:00:00', '2015-09-01 22:00:00'),
(450, '2', '2', 'In congue. Etiam justo.', 3, 0, '2016-07-26 22:00:00', '2015-10-13 22:00:00'),
(451, '41', '5', 'Nulla neque libero, convallis eget, eleifend luctus, ultricies eu, nibh. Quisque id justo sit amet sapien dignissim vestibulum.', 1, 0, '2015-09-16 22:00:00', '2016-04-29 22:00:00'),
(452, '49', '6', 'Aliquam non mauris.', 4, 0, '2016-02-14 23:00:00', '2016-06-18 22:00:00'),
(453, '33', '44', 'Donec dapibus.', 4, 0, '2016-06-23 22:00:00', '2016-01-06 23:00:00'),
(454, '21', '39', 'Fusce congue, diam id ornare imperdiet, sapien urna pretium nisl, ut volutpat sapien arcu sed augue.', 1, 0, '2015-11-25 23:00:00', '2016-03-19 23:00:00'),
(455, '4', '26', 'Cras in purus eu magna vulputate luctus. Cum sociis natoque penatibus et magnis dis parturient montes, nascetur ridiculus mus.', 3, 0, '2015-08-25 22:00:00', '2016-08-13 12:45:25'),
(456, '7', '13', 'Suspendisse potenti.', 2, 0, '2016-07-28 22:00:00', '2016-07-17 22:00:00'),
(457, '43', '49', 'Aliquam non mauris.', 4, 0, '2015-11-13 23:00:00', '2016-07-19 22:00:00'),
(458, '12', '49', 'Curabitur at ipsum ac tellus semper interdum. Mauris ullamcorper purus sit amet nulla.', 2, 1, '2015-12-23 23:00:00', '2015-12-10 23:00:00'),
(459, '45', '22', 'Nullam orci pede, venenatis non, sodales sed, tincidunt eu, felis.', 4, 1, '2016-03-31 22:00:00', '2016-02-15 23:00:00'),
(460, '50', '10', 'Maecenas pulvinar lobortis est.', 3, 0, '2016-03-12 23:00:00', '2016-02-19 23:00:00'),
(461, '23', '42', 'In congue. Etiam justo.', 2, 1, '2016-04-29 22:00:00', '2016-01-18 23:00:00'),
(462, '38', '14', 'Donec odio justo, sollicitudin ut, suscipit a, feugiat et, eros.', 2, 1, '2016-06-25 22:00:00', '2016-06-13 22:00:00'),
(463, '19', '47', 'Suspendisse potenti.', 5, 0, '2015-11-18 23:00:00', '2015-10-26 23:00:00'),
(464, '31', '19', 'Nulla tempus.', 4, 1, '2016-01-10 23:00:00', '2016-07-18 22:00:00'),
(465, '44', '9', 'Cras in purus eu magna vulputate luctus. Cum sociis natoque penatibus et magnis dis parturient montes, nascetur ridiculus mus.', 3, 0, '2015-12-30 23:00:00', '2016-02-27 23:00:00'),
(466, '28', '18', 'Ut at dolor quis odio consequat varius.', 2, 0, '2015-08-14 22:00:00', '2016-02-06 23:00:00'),
(467, '24', '32', 'Phasellus id sapien in sapien iaculis congue.', 2, 1, '2016-07-25 22:00:00', '2016-04-28 22:00:00'),
(468, '21', '36', 'Pellentesque at nulla. Suspendisse potenti.', 4, 0, '2016-07-17 22:00:00', '2016-04-28 22:00:00'),
(469, '8', '39', 'Morbi non quam nec dui luctus rutrum.', 2, 1, '2016-06-30 22:00:00', '2015-12-25 23:00:00'),
(470, '50', '7', 'Duis at velit eu est congue elementum.', 1, 0, '2016-04-02 22:00:00', '2015-11-29 23:00:00'),
(471, '42', '35', 'Nulla nisl. Nunc nisl.', 4, 1, '2016-03-22 23:00:00', '2016-01-28 23:00:00'),
(472, '21', '49', 'Donec ut dolor.', 5, 0, '2016-08-04 22:00:00', '2016-01-14 23:00:00'),
(473, '29', '14', 'Integer pede justo, lacinia eget, tincidunt eget, tempus vel, pede.', 3, 1, '2015-11-29 23:00:00', '2015-08-07 22:00:00'),
(474, '13', '8', 'Nulla ac enim. In tempor, turpis nec euismod scelerisque, quam turpis adipiscing lorem, vitae mattis nibh ligula nec sem.', 2, 0, '2016-02-14 23:00:00', '2015-12-07 23:00:00'),
(475, '14', '21', 'Aliquam augue quam, sollicitudin vitae, consectetuer eget, rutrum at, lorem. Integer tincidunt ante vel ipsum.', 2, 1, '2015-09-19 22:00:00', '2016-01-14 23:00:00'),
(476, '14', '1', 'Aenean sit amet justo.', 5, 0, '2016-01-26 23:00:00', '2015-12-21 23:00:00'),
(477, '21', '18', 'Phasellus sit amet erat. Nulla tempus.', 5, 1, '2016-05-13 22:00:00', '2015-12-12 23:00:00'),
(478, '40', '38', 'Curabitur convallis.', 4, 1, '2015-12-20 23:00:00', '2015-09-21 22:00:00'),
(479, '39', '30', 'Nullam sit amet turpis elementum ligula vehicula consequat.', 5, 0, '2016-04-27 22:00:00', '2016-04-06 22:00:00'),
(480, '2', '37', 'Proin interdum mauris non ligula pellentesque ultrices. Phasellus id sapien in sapien iaculis congue.', 1, 0, '2015-10-20 22:00:00', '2016-01-20 23:00:00'),
(481, '21', '8', 'Nulla suscipit ligula in lacus. Curabitur at ipsum ac tellus semper interdum.', 2, 1, '2016-04-29 22:00:00', '2015-09-26 22:00:00'),
(482, '41', '27', 'Quisque ut erat. Curabitur gravida nisi at nibh.', 5, 1, '2015-12-22 23:00:00', '2015-09-21 22:00:00'),
(483, '3', '48', 'Duis at velit eu est congue elementum.', 3, 0, '2016-04-04 22:00:00', '2016-02-25 23:00:00'),
(484, '33', '5', 'Pellentesque ultrices mattis odio. Donec vitae nisi.', 4, 1, '2016-01-07 23:00:00', '2015-12-19 23:00:00'),
(485, '46', '12', 'Quisque porta volutpat erat. Quisque erat eros, viverra eget, congue eget, semper rutrum, nulla.', 4, 1, '2016-04-12 22:00:00', '2016-07-31 22:00:00'),
(486, '41', '19', 'Phasellus id sapien in sapien iaculis congue. Vivamus metus arcu, adipiscing molestie, hendrerit at, vulputate vitae, nisl.', 2, 0, '2015-10-02 22:00:00', '2016-01-07 23:00:00'),
(487, '21', '38', 'Integer pede justo, lacinia eget, tincidunt eget, tempus vel, pede. Morbi porttitor lorem id ligula.', 5, 0, '2015-10-18 22:00:00', '2016-02-17 23:00:00'),
(488, '34', '9', 'Morbi quis tortor id nulla ultrices aliquet. Maecenas leo odio, condimentum id, luctus nec, molestie sed, justo.', 3, 0, '2015-11-07 23:00:00', '2016-05-04 22:00:00'),
(489, '36', '32', 'Curabitur convallis. Duis consequat dui nec nisi volutpat eleifend.', 1, 1, '2015-09-05 22:00:00', '2016-02-03 23:00:00'),
(490, '28', '45', 'Nam congue, risus semper porta volutpat, quam pede lobortis ligula, sit amet eleifend pede libero quis orci. Nullam molestie nibh in lectus.', 3, 0, '2016-06-27 22:00:00', '2016-06-19 22:00:00'),
(491, '26', '2', 'Maecenas rhoncus aliquam lacus. Morbi quis tortor id nulla ultrices aliquet.', 2, 1, '2016-02-18 23:00:00', '2015-11-09 23:00:00'),
(492, '21', '13', 'Donec vitae nisi.', 4, 0, '2016-08-02 22:00:00', '2016-04-16 22:00:00'),
(493, '37', '10', 'Maecenas leo odio, condimentum id, luctus nec, molestie sed, justo.', 3, 1, '2016-04-25 22:00:00', '2016-04-19 22:00:00'),
(494, '18', '27', 'Nullam molestie nibh in lectus. Pellentesque at nulla.', 2, 1, '2016-05-05 22:00:00', '2016-05-02 22:00:00'),
(495, '27', '41', 'Integer tincidunt ante vel ipsum.', 3, 0, '2016-05-27 22:00:00', '2015-09-17 22:00:00'),
(496, '50', '45', 'Mauris enim leo, rhoncus sed, vestibulum sit amet, cursus id, turpis. Integer aliquet, massa id lobortis convallis, tortor risus dapibus augue, vel accumsan tellus nisi eu orci.', 4, 1, '2015-09-20 22:00:00', '2016-03-09 23:00:00'),
(497, '43', '24', 'Donec vitae nisi. Nam ultrices, libero non mattis pulvinar, nulla pede ullamcorper augue, a suscipit nulla elit ac nulla.', 3, 1, '2015-10-16 22:00:00', '2016-04-05 22:00:00'),
(498, '44', '48', 'Nullam molestie nibh in lectus.', 3, 0, '2016-03-15 23:00:00', '2015-12-01 23:00:00'),
(499, '31', '44', 'Donec diam neque, vestibulum eget, vulputate ut, ultrices vel, augue.', 3, 1, '2016-06-30 22:00:00', '2015-08-22 22:00:00'),
(500, '44', '9', 'In hac habitasse platea dictumst.', 3, 1, '2015-11-25 23:00:00', '2015-11-12 23:00:00'),
(501, '12', '13', 'Donec diam neque, vestibulum eget, vulputate ut, ultrices vel, augue.', 1, 0, '2015-12-16 23:00:00', '2016-03-24 23:00:00'),
(502, '14', '18', 'Maecenas leo odio, condimentum id, luctus nec, molestie sed, justo. Pellentesque viverra pede ac diam.', 2, 0, '2015-09-02 22:00:00', '2015-11-14 23:00:00'),
(503, '29', '34', 'Quisque erat eros, viverra eget, congue eget, semper rutrum, nulla.', 4, 0, '2016-01-07 23:00:00', '2016-04-12 22:00:00'),
(504, '9', '4', 'Vestibulum rutrum rutrum neque.', 4, 0, '2015-11-13 23:00:00', '2015-11-07 23:00:00'),
(505, '34', '50', 'Maecenas tristique, est et tempus semper, est quam pharetra magna, ac consequat metus sapien ut nunc.', 1, 1, '2015-09-01 22:00:00', '2016-06-04 22:00:00'),
(506, '47', '47', 'Morbi non lectus.', 1, 0, '2016-05-21 22:00:00', '2015-08-13 22:00:00'),
(507, '9', '10', 'Aenean auctor gravida sem.', 2, 1, '2016-07-26 22:00:00', '2016-03-29 22:00:00'),
(508, '46', '2', 'Mauris enim leo, rhoncus sed, vestibulum sit amet, cursus id, turpis. Integer aliquet, massa id lobortis convallis, tortor risus dapibus augue, vel accumsan tellus nisi eu orci.', 5, 1, '2016-07-26 22:00:00', '2015-10-30 23:00:00'),
(509, '42', '7', 'Curabitur convallis.', 2, 0, '2015-11-01 23:00:00', '2016-04-11 22:00:00'),
(510, '49', '26', 'Nulla justo. Aliquam quis turpis eget elit sodales scelerisque.', 3, 0, '2016-06-16 22:00:00', '2015-10-11 22:00:00'),
(511, '17', '16', 'Phasellus id sapien in sapien iaculis congue. Vivamus metus arcu, adipiscing molestie, hendrerit at, vulputate vitae, nisl.', 3, 1, '2016-07-13 22:00:00', '2016-05-04 22:00:00'),
(512, '49', '8', 'Quisque erat eros, viverra eget, congue eget, semper rutrum, nulla.', 3, 0, '2016-06-29 22:00:00', '2015-11-18 23:00:00'),
(513, '2', '47', 'Pellentesque eget nunc. Donec quis orci eget orci vehicula condimentum.', 2, 0, '2015-11-19 23:00:00', '2016-08-06 22:00:00'),
(514, '42', '38', 'Duis aliquam convallis nunc. Proin at turpis a pede posuere nonummy.', 1, 1, '2016-04-25 22:00:00', '2015-10-05 22:00:00'),
(515, '40', '46', 'Aenean auctor gravida sem.', 4, 0, '2015-10-29 23:00:00', '2016-04-16 22:00:00'),
(516, '40', '49', 'Vivamus tortor.', 1, 0, '2015-12-25 23:00:00', '2016-03-03 23:00:00'),
(517, '5', '16', 'Morbi odio odio, elementum eu, interdum eu, tincidunt in, leo.', 2, 1, '2016-06-03 22:00:00', '2016-01-03 23:00:00'),
(518, '4', '47', 'Integer tincidunt ante vel ipsum.', 4, 0, '2015-12-13 23:00:00', '2016-08-13 12:45:25'),
(519, '41', '29', 'Nunc purus.', 2, 0, '2015-10-19 22:00:00', '2015-10-31 23:00:00'),
(520, '49', '15', 'Cras non velit nec nisi vulputate nonummy. Maecenas tincidunt lacus at velit.', 2, 1, '2016-02-24 23:00:00', '2015-12-18 23:00:00'),
(521, '9', '21', 'Vivamus vestibulum sagittis sapien.', 3, 0, '2016-06-23 22:00:00', '2016-01-06 23:00:00'),
(522, '8', '2', 'Curabitur at ipsum ac tellus semper interdum. Mauris ullamcorper purus sit amet nulla.', 4, 0, '2016-01-11 23:00:00', '2016-04-21 22:00:00'),
(523, '13', '5', 'Donec ut dolor. Morbi vel lectus in quam fringilla rhoncus.', 3, 1, '2016-07-18 22:00:00', '2016-05-17 22:00:00'),
(524, '23', '46', 'Nulla mollis molestie lorem.', 4, 1, '2016-04-04 22:00:00', '2016-01-17 23:00:00'),
(525, '6', '18', 'Duis aliquam convallis nunc. Proin at turpis a pede posuere nonummy.', 5, 0, '2016-05-08 22:00:00', '2016-02-28 23:00:00'),
(526, '43', '34', 'Duis aliquam convallis nunc. Proin at turpis a pede posuere nonummy.', 4, 0, '2015-08-27 22:00:00', '2015-10-22 22:00:00'),
(527, '3', '49', 'Maecenas rhoncus aliquam lacus.', 3, 1, '2016-01-05 23:00:00', '2015-11-09 23:00:00'),
(528, '22', '49', 'Integer pede justo, lacinia eget, tincidunt eget, tempus vel, pede. Morbi porttitor lorem id ligula.', 3, 0, '2016-04-13 22:00:00', '2016-08-03 22:00:00'),
(529, '47', '35', 'Cras non velit nec nisi vulputate nonummy.', 2, 0, '2016-02-03 23:00:00', '2016-06-28 22:00:00'),
(530, '6', '24', 'Praesent blandit.', 5, 1, '2015-09-04 22:00:00', '2016-03-26 23:00:00'),
(531, '12', '20', 'Fusce consequat.', 5, 0, '2016-04-26 22:00:00', '2016-01-11 23:00:00'),
(532, '5', '24', 'Aenean fermentum.', 2, 1, '2015-10-08 22:00:00', '2015-08-14 22:00:00'),
(533, '23', '25', 'Integer a nibh.', 1, 0, '2015-12-10 23:00:00', '2016-05-25 22:00:00'),
(534, '16', '16', 'Aenean sit amet justo.', 4, 1, '2016-03-25 23:00:00', '2015-11-04 23:00:00'),
(535, '40', '26', 'In tempor, turpis nec euismod scelerisque, quam turpis adipiscing lorem, vitae mattis nibh ligula nec sem.', 5, 0, '2016-04-03 22:00:00', '2016-04-03 22:00:00'),
(536, '22', '38', 'Mauris ullamcorper purus sit amet nulla.', 1, 0, '2015-11-28 23:00:00', '2016-04-02 22:00:00'),
(537, '45', '38', 'Phasellus in felis.', 2, 1, '2015-11-30 23:00:00', '2015-09-23 22:00:00'),
(538, '4', '20', 'Morbi a ipsum. Integer a nibh.', 2, 0, '2016-05-06 22:00:00', '2016-08-13 12:45:25'),
(539, '40', '14', 'Donec diam neque, vestibulum eget, vulputate ut, ultrices vel, augue. Vestibulum ante ipsum primis in faucibus orci luctus et ultrices posuere cubilia Curae; Donec pharetra, magna vestibulum aliquet ultrices, erat tortor sollicitudin mi, sit amet lobortis sapien sapien non mi.', 4, 0, '2016-06-15 22:00:00', '2015-12-22 23:00:00'),
(540, '2', '12', 'Nulla tempus. Vivamus in felis eu sapien cursus vestibulum.', 4, 0, '2016-01-01 23:00:00', '2016-05-14 22:00:00'),
(541, '5', '18', 'Morbi porttitor lorem id ligula. Suspendisse ornare consequat lectus.', 4, 0, '2016-01-28 23:00:00', '2015-08-31 22:00:00'),
(542, '15', '19', 'Morbi odio odio, elementum eu, interdum eu, tincidunt in, leo. Maecenas pulvinar lobortis est.', 5, 0, '2015-11-21 23:00:00', '2016-06-27 22:00:00'),
(543, '21', '2', 'Sed ante. Vivamus tortor.', 2, 1, '2015-12-20 23:00:00', '2015-08-09 22:00:00'),
(544, '40', '19', 'Cras mi pede, malesuada in, imperdiet et, commodo vulputate, justo. In blandit ultrices enim.', 3, 1, '2016-01-13 23:00:00', '2015-08-23 22:00:00'),
(545, '14', '4', 'Praesent lectus. Vestibulum quam sapien, varius ut, blandit non, interdum in, ante.', 5, 0, '2016-06-14 22:00:00', '2015-10-10 22:00:00'),
(546, '2', '44', 'Vivamus tortor. Duis mattis egestas metus.', 5, 0, '2016-02-08 23:00:00', '2016-06-26 22:00:00'),
(547, '40', '21', 'Nunc nisl.', 4, 0, '2016-01-06 23:00:00', '2015-09-25 22:00:00'),
(548, '35', '16', 'Curabitur in libero ut massa volutpat convallis.', 5, 1, '2016-02-06 23:00:00', '2015-12-18 23:00:00'),
(549, '48', '35', 'Nulla tellus.', 3, 0, '2015-10-21 22:00:00', '2016-03-01 23:00:00'),
(550, '19', '35', 'Donec quis orci eget orci vehicula condimentum. Curabitur in libero ut massa volutpat convallis.', 3, 1, '2015-08-08 22:00:00', '2016-07-20 22:00:00'),
(551, '7', '29', 'In quis justo. Maecenas rhoncus aliquam lacus.', 4, 1, '2016-06-10 22:00:00', '2015-10-26 23:00:00'),
(552, '19', '19', 'Nulla nisl. Nunc nisl.', 4, 0, '2016-06-18 22:00:00', '2016-01-01 23:00:00'),
(553, '10', '45', 'Cum sociis natoque penatibus et magnis dis parturient montes, nascetur ridiculus mus.', 2, 1, '2016-05-04 22:00:00', '2016-08-02 22:00:00'),
(554, '15', '50', 'Donec odio justo, sollicitudin ut, suscipit a, feugiat et, eros. Vestibulum ac est lacinia nisi venenatis tristique.', 4, 0, '2016-01-15 23:00:00', '2016-03-02 23:00:00'),
(555, '31', '2', 'Nam tristique tortor eu pede.', 5, 0, '2015-10-20 22:00:00', '2015-10-19 22:00:00'),
(556, '5', '29', 'Pellentesque at nulla. Suspendisse potenti.', 1, 1, '2016-01-17 23:00:00', '2016-04-13 22:00:00'),
(557, '42', '31', 'Nunc rhoncus dui vel sem. Sed sagittis.', 5, 0, '2015-10-03 22:00:00', '2016-03-17 23:00:00'),
(558, '24', '40', 'Nunc rhoncus dui vel sem. Sed sagittis.', 5, 1, '2016-05-01 22:00:00', '2016-07-18 22:00:00'),
(559, '29', '10', 'Donec posuere metus vitae ipsum.', 5, 1, '2015-09-30 22:00:00', '2015-12-14 23:00:00'),
(560, '47', '15', 'Vivamus tortor. Duis mattis egestas metus.', 1, 1, '2016-05-06 22:00:00', '2016-05-04 22:00:00'),
(561, '31', '27', 'Suspendisse potenti.', 4, 1, '2016-07-27 22:00:00', '2015-10-15 22:00:00'),
(562, '31', '34', 'Quisque ut erat.', 4, 1, '2016-02-01 23:00:00', '2016-04-10 22:00:00'),
(563, '46', '24', 'Nulla justo.', 1, 0, '2015-12-13 23:00:00', '2015-11-29 23:00:00'),
(564, '9', '37', 'Ut tellus. Nulla ut erat id mauris vulputate elementum.', 1, 0, '2016-07-29 22:00:00', '2015-10-02 22:00:00'),
(565, '47', '23', 'Praesent blandit. Nam nulla.', 1, 1, '2015-11-11 23:00:00', '2015-09-06 22:00:00'),
(566, '22', '31', 'Vestibulum ante ipsum primis in faucibus orci luctus et ultrices posuere cubilia Curae; Mauris viverra diam vitae quam. Suspendisse potenti.', 2, 1, '2016-01-07 23:00:00', '2015-11-09 23:00:00'),
(567, '38', '9', 'Morbi non lectus. Aliquam sit amet diam in magna bibendum imperdiet.', 4, 1, '2016-05-03 22:00:00', '2016-06-28 22:00:00'),
(568, '43', '47', 'Donec diam neque, vestibulum eget, vulputate ut, ultrices vel, augue.', 3, 0, '2015-08-27 22:00:00', '2016-05-03 22:00:00'),
(569, '50', '33', 'Suspendisse potenti.', 5, 1, '2015-11-10 23:00:00', '2016-07-30 22:00:00'),
(570, '10', '10', 'Nunc nisl. Duis bibendum, felis sed interdum venenatis, turpis enim blandit mi, in porttitor pede justo eu massa.', 5, 0, '2015-12-23 23:00:00', '2015-12-01 23:00:00'),
(571, '26', '47', 'Suspendisse ornare consequat lectus. In est risus, auctor sed, tristique in, tempus sit amet, sem.', 1, 0, '2016-02-23 23:00:00', '2015-08-30 22:00:00'),
(572, '11', '20', 'Praesent id massa id nisl venenatis lacinia.', 1, 0, '2015-10-16 22:00:00', '2015-09-01 22:00:00'),
(573, '29', '6', 'Cras pellentesque volutpat dui. Maecenas tristique, est et tempus semper, est quam pharetra magna, ac consequat metus sapien ut nunc.', 2, 0, '2015-10-05 22:00:00', '2016-03-14 23:00:00'),
(574, '26', '27', 'Quisque ut erat. Curabitur gravida nisi at nibh.', 5, 1, '2015-10-25 23:00:00', '2015-11-20 23:00:00'),
(575, '13', '44', 'Integer aliquet, massa id lobortis convallis, tortor risus dapibus augue, vel accumsan tellus nisi eu orci. Mauris lacinia sapien quis libero.', 3, 1, '2016-01-25 23:00:00', '2016-02-02 23:00:00'),
(576, '32', '14', 'Nulla ac enim.', 2, 0, '2015-10-09 22:00:00', '2016-07-07 22:00:00'),
(577, '35', '40', 'Cras in purus eu magna vulputate luctus. Cum sociis natoque penatibus et magnis dis parturient montes, nascetur ridiculus mus.', 5, 0, '2015-12-18 23:00:00', '2016-05-16 22:00:00'),
(578, '16', '23', 'Aenean lectus.', 4, 1, '2015-08-23 22:00:00', '2015-09-28 22:00:00'),
(579, '50', '49', 'Donec diam neque, vestibulum eget, vulputate ut, ultrices vel, augue.', 5, 0, '2015-12-13 23:00:00', '2015-08-14 22:00:00'),
(580, '3', '4', 'Proin risus. Praesent lectus.', 5, 0, '2015-11-01 23:00:00', '2016-05-28 22:00:00'),
(581, '7', '30', 'Praesent lectus. Vestibulum quam sapien, varius ut, blandit non, interdum in, ante.', 1, 0, '2016-01-11 23:00:00', '2016-06-13 22:00:00'),
(582, '30', '8', 'Maecenas ut massa quis augue luctus tincidunt. Nulla mollis molestie lorem.', 3, 0, '2015-08-22 22:00:00', '2016-06-26 22:00:00'),
(583, '24', '9', 'Praesent lectus.', 4, 0, '2016-06-23 22:00:00', '2016-06-07 22:00:00'),
(584, '14', '15', 'Aenean sit amet justo. Morbi ut odio.', 2, 0, '2016-01-02 23:00:00', '2016-04-30 22:00:00'),
(585, '24', '2', 'Morbi ut odio. Cras mi pede, malesuada in, imperdiet et, commodo vulputate, justo.', 3, 1, '2015-10-06 22:00:00', '2016-02-05 23:00:00'),
(586, '23', '24', 'Aliquam quis turpis eget elit sodales scelerisque. Mauris sit amet eros.', 3, 0, '2015-12-17 23:00:00', '2016-02-26 23:00:00'),
(587, '12', '39', 'Nam nulla.', 3, 0, '2016-06-21 22:00:00', '2015-11-10 23:00:00'),
(588, '37', '40', 'Vestibulum ante ipsum primis in faucibus orci luctus et ultrices posuere cubilia Curae; Mauris viverra diam vitae quam.', 3, 0, '2015-11-25 23:00:00', '2016-02-16 23:00:00'),
(589, '24', '50', 'Vestibulum ante ipsum primis in faucibus orci luctus et ultrices posuere cubilia Curae; Nulla dapibus dolor vel est. Donec odio justo, sollicitudin ut, suscipit a, feugiat et, eros.', 4, 1, '2016-01-26 23:00:00', '2016-08-05 22:00:00'),
(590, '5', '14', 'Nullam porttitor lacus at turpis. Donec posuere metus vitae ipsum.', 4, 1, '2016-01-12 23:00:00', '2015-12-27 23:00:00'),
(591, '11', '13', 'Morbi non lectus.', 2, 0, '2015-09-19 22:00:00', '2016-06-27 22:00:00'),
(592, '9', '31', 'In congue.', 3, 0, '2015-09-09 22:00:00', '2016-05-21 22:00:00'),
(593, '2', '27', 'Nulla ut erat id mauris vulputate elementum. Nullam varius.', 2, 1, '2015-12-18 23:00:00', '2016-04-15 22:00:00'),
(594, '40', '49', 'In tempor, turpis nec euismod scelerisque, quam turpis adipiscing lorem, vitae mattis nibh ligula nec sem. Duis aliquam convallis nunc.', 5, 1, '2016-01-10 23:00:00', '2016-01-10 23:00:00'),
(595, '43', '1', 'Maecenas leo odio, condimentum id, luctus nec, molestie sed, justo.', 3, 1, '2016-05-17 22:00:00', '2016-04-11 22:00:00'),
(596, '42', '42', 'Suspendisse potenti. Nullam porttitor lacus at turpis.', 1, 0, '2015-12-30 23:00:00', '2015-11-13 23:00:00'),
(597, '11', '7', 'Donec ut mauris eget massa tempor convallis. Nulla neque libero, convallis eget, eleifend luctus, ultricies eu, nibh.', 1, 0, '2016-06-10 22:00:00', '2016-01-26 23:00:00'),
(598, '2', '48', 'Fusce consequat. Nulla nisl.', 5, 0, '2016-01-22 23:00:00', '2016-02-20 23:00:00'),
(599, '25', '17', 'Nulla suscipit ligula in lacus.', 5, 0, '2016-05-21 22:00:00', '2015-10-15 22:00:00'),
(600, '44', '34', 'Vestibulum ac est lacinia nisi venenatis tristique. Fusce congue, diam id ornare imperdiet, sapien urna pretium nisl, ut volutpat sapien arcu sed augue.', 1, 1, '2015-09-26 22:00:00', '2015-10-13 22:00:00'),
(601, '29', '19', 'Curabitur gravida nisi at nibh. In hac habitasse platea dictumst.', 5, 0, '2016-05-12 22:00:00', '2015-11-08 23:00:00'),
(602, '50', '6', 'Aliquam augue quam, sollicitudin vitae, consectetuer eget, rutrum at, lorem.', 4, 1, '2016-03-27 22:00:00', '2016-02-02 23:00:00'),
(603, '11', '28', 'Maecenas ut massa quis augue luctus tincidunt.', 2, 0, '2016-02-11 23:00:00', '2016-01-14 23:00:00'),
(604, '25', '31', 'Ut at dolor quis odio consequat varius. Integer ac leo.', 2, 0, '2016-01-15 23:00:00', '2015-10-03 22:00:00'),
(605, '5', '27', 'In est risus, auctor sed, tristique in, tempus sit amet, sem.', 5, 0, '2015-10-07 22:00:00', '2016-02-05 23:00:00'),
(606, '15', '39', 'Integer ac neque. Duis bibendum.', 5, 1, '2016-02-24 23:00:00', '2015-11-01 23:00:00'),
(607, '35', '29', 'In hac habitasse platea dictumst. Maecenas ut massa quis augue luctus tincidunt.', 1, 0, '2016-04-19 22:00:00', '2016-03-05 23:00:00'),
(608, '26', '32', 'Integer tincidunt ante vel ipsum.', 5, 0, '2016-04-07 22:00:00', '2015-11-02 23:00:00'),
(609, '29', '28', 'Cum sociis natoque penatibus et magnis dis parturient montes, nascetur ridiculus mus. Etiam vel augue.', 1, 0, '2015-08-17 22:00:00', '2016-07-17 22:00:00'),
(610, '12', '4', 'In hac habitasse platea dictumst.', 1, 0, '2015-10-19 22:00:00', '2015-09-12 22:00:00'),
(611, '19', '15', 'Nam congue, risus semper porta volutpat, quam pede lobortis ligula, sit amet eleifend pede libero quis orci.', 2, 0, '2016-03-01 23:00:00', '2016-03-03 23:00:00'),
(612, '22', '12', 'Nulla tempus. Vivamus in felis eu sapien cursus vestibulum.', 4, 1, '2016-06-15 22:00:00', '2016-03-11 23:00:00'),
(613, '6', '20', 'In quis justo.', 5, 0, '2015-08-15 22:00:00', '2016-01-26 23:00:00'),
(614, '42', '17', 'Duis bibendum, felis sed interdum venenatis, turpis enim blandit mi, in porttitor pede justo eu massa. Donec dapibus.', 2, 0, '2016-03-15 23:00:00', '2015-08-19 22:00:00'),
(615, '15', '2', 'Nulla mollis molestie lorem.', 3, 0, '2016-01-17 23:00:00', '2016-05-30 22:00:00'),
(616, '36', '10', 'Nunc nisl.', 1, 0, '2016-01-30 23:00:00', '2015-12-30 23:00:00'),
(617, '7', '26', 'Nullam orci pede, venenatis non, sodales sed, tincidunt eu, felis.', 3, 0, '2016-01-03 23:00:00', '2016-02-10 23:00:00'),
(618, '14', '45', 'Integer pede justo, lacinia eget, tincidunt eget, tempus vel, pede. Morbi porttitor lorem id ligula.', 1, 1, '2016-07-16 22:00:00', '2016-05-11 22:00:00'),
(619, '43', '49', 'Etiam justo. Etiam pretium iaculis justo.', 3, 0, '2015-11-26 23:00:00', '2016-02-08 23:00:00'),
(620, '24', '8', 'Praesent lectus.', 1, 0, '2016-04-15 22:00:00', '2016-07-12 22:00:00'),
(621, '33', '30', 'Phasellus id sapien in sapien iaculis congue.', 4, 0, '2016-04-05 22:00:00', '2016-04-05 22:00:00'),
(622, '11', '45', 'Nam nulla.', 1, 1, '2015-12-16 23:00:00', '2016-03-04 23:00:00'),
(623, '3', '35', 'Nulla ut erat id mauris vulputate elementum.', 4, 0, '2016-03-03 23:00:00', '2015-08-26 22:00:00'),
(624, '11', '34', 'Morbi quis tortor id nulla ultrices aliquet.', 4, 1, '2016-02-29 23:00:00', '2015-09-19 22:00:00'),
(625, '15', '42', 'Maecenas leo odio, condimentum id, luctus nec, molestie sed, justo. Pellentesque viverra pede ac diam.', 4, 1, '2015-10-15 22:00:00', '2015-08-16 22:00:00'),
(626, '31', '41', 'Pellentesque at nulla. Suspendisse potenti.', 1, 0, '2016-06-05 22:00:00', '2015-11-06 23:00:00'),
(627, '16', '27', 'Quisque porta volutpat erat.', 3, 0, '2015-08-23 22:00:00', '2015-09-04 22:00:00'),
(628, '3', '12', 'Proin leo odio, porttitor id, consequat in, consequat ut, nulla. Sed accumsan felis.', 5, 1, '2016-07-07 22:00:00', '2015-10-29 23:00:00'),
(629, '47', '41', 'Curabitur at ipsum ac tellus semper interdum.', 5, 1, '2016-04-02 22:00:00', '2015-08-18 22:00:00'),
(630, '9', '48', 'In est risus, auctor sed, tristique in, tempus sit amet, sem. Fusce consequat.', 1, 1, '2015-10-20 22:00:00', '2016-02-15 23:00:00'),
(631, '10', '5', 'Integer pede justo, lacinia eget, tincidunt eget, tempus vel, pede.', 2, 1, '2015-10-05 22:00:00', '2015-11-22 23:00:00'),
(632, '22', '37', 'Nulla neque libero, convallis eget, eleifend luctus, ultricies eu, nibh. Quisque id justo sit amet sapien dignissim vestibulum.', 1, 0, '2015-11-27 23:00:00', '2016-07-04 22:00:00'),
(633, '37', '9', 'Suspendisse ornare consequat lectus. In est risus, auctor sed, tristique in, tempus sit amet, sem.', 5, 0, '2015-12-28 23:00:00', '2016-05-27 22:00:00'),
(634, '12', '29', 'Nulla ac enim. In tempor, turpis nec euismod scelerisque, quam turpis adipiscing lorem, vitae mattis nibh ligula nec sem.', 1, 1, '2015-08-16 22:00:00', '2016-04-24 22:00:00'),
(635, '41', '31', 'Quisque ut erat.', 1, 0, '2015-10-27 23:00:00', '2016-08-06 22:00:00'),
(636, '44', '36', 'Praesent id massa id nisl venenatis lacinia.', 1, 1, '2016-04-23 22:00:00', '2015-09-21 22:00:00'),
(637, '17', '50', 'Aliquam quis turpis eget elit sodales scelerisque. Mauris sit amet eros.', 2, 1, '2016-03-10 23:00:00', '2015-10-03 22:00:00'),
(638, '18', '37', 'Donec dapibus.', 5, 1, '2016-01-20 23:00:00', '2016-01-05 23:00:00'),
(639, '9', '18', 'Fusce lacus purus, aliquet at, feugiat non, pretium quis, lectus.', 4, 1, '2016-01-09 23:00:00', '2015-10-09 22:00:00'),
(640, '38', '15', 'Aenean fermentum. Donec ut mauris eget massa tempor convallis.', 2, 0, '2016-04-30 22:00:00', '2016-08-02 22:00:00'),
(641, '47', '31', 'Quisque ut erat.', 5, 1, '2016-02-17 23:00:00', '2015-10-28 23:00:00'),
(642, '39', '38', 'Donec quis orci eget orci vehicula condimentum. Curabitur in libero ut massa volutpat convallis.', 4, 0, '2016-07-04 22:00:00', '2016-02-28 23:00:00'),
(643, '1', '9', 'Integer ac neque. Duis bibendum.', 3, 0, '2016-07-09 22:00:00', '2016-02-07 23:00:00'),
(644, '43', '29', 'Duis bibendum. Morbi non quam nec dui luctus rutrum.', 5, 1, '2016-01-29 23:00:00', '2016-03-22 23:00:00'),
(645, '48', '15', 'Morbi non lectus. Aliquam sit amet diam in magna bibendum imperdiet.', 3, 1, '2016-07-08 22:00:00', '2016-07-02 22:00:00'),
(646, '29', '42', 'Donec odio justo, sollicitudin ut, suscipit a, feugiat et, eros.', 1, 0, '2016-06-22 22:00:00', '2015-12-20 23:00:00'),
(647, '48', '10', 'Cum sociis natoque penatibus et magnis dis parturient montes, nascetur ridiculus mus.', 5, 1, '2016-06-14 22:00:00', '2015-12-15 23:00:00'),
(648, '44', '4', 'Nullam sit amet turpis elementum ligula vehicula consequat. Morbi a ipsum.', 1, 0, '2016-06-17 22:00:00', '2016-07-16 22:00:00'),
(649, '35', '46', 'Vestibulum ante ipsum primis in faucibus orci luctus et ultrices posuere cubilia Curae; Mauris viverra diam vitae quam.', 1, 1, '2016-07-10 22:00:00', '2016-01-09 23:00:00'),
(650, '5', '47', 'Vivamus metus arcu, adipiscing molestie, hendrerit at, vulputate vitae, nisl. Aenean lectus.', 3, 0, '2015-12-27 23:00:00', '2015-08-24 22:00:00'),
(651, '28', '3', 'Vestibulum ante ipsum primis in faucibus orci luctus et ultrices posuere cubilia Curae; Mauris viverra diam vitae quam. Suspendisse potenti.', 5, 0, '2015-11-22 23:00:00', '2016-01-05 23:00:00'),
(652, '39', '15', 'Nam tristique tortor eu pede.', 1, 0, '2015-08-24 22:00:00', '2015-09-02 22:00:00'),
(653, '23', '40', 'Fusce congue, diam id ornare imperdiet, sapien urna pretium nisl, ut volutpat sapien arcu sed augue.', 3, 0, '2016-07-26 22:00:00', '2015-08-08 22:00:00'),
(654, '35', '50', 'Integer ac leo. Pellentesque ultrices mattis odio.', 1, 1, '2015-11-02 23:00:00', '2015-11-05 23:00:00'),
(655, '48', '34', 'Ut at dolor quis odio consequat varius. Integer ac leo.', 3, 1, '2016-04-05 22:00:00', '2016-07-26 22:00:00'),
(656, '23', '44', 'Vivamus metus arcu, adipiscing molestie, hendrerit at, vulputate vitae, nisl. Aenean lectus.', 3, 0, '2016-02-01 23:00:00', '2015-11-01 23:00:00'),
(657, '20', '26', 'Nunc purus. Phasellus in felis.', 2, 0, '2016-07-10 22:00:00', '2016-06-17 22:00:00'),
(658, '38', '3', 'Proin interdum mauris non ligula pellentesque ultrices.', 3, 1, '2016-04-09 22:00:00', '2015-09-23 22:00:00'),
(659, '39', '46', 'Integer a nibh.', 2, 1, '2016-02-05 23:00:00', '2016-04-20 22:00:00'),
(660, '48', '47', 'Mauris sit amet eros.', 5, 1, '2016-08-04 22:00:00', '2015-08-21 22:00:00'),
(661, '1', '28', 'Nulla facilisi. Cras non velit nec nisi vulputate nonummy.', 3, 1, '2015-12-18 23:00:00', '2016-02-02 23:00:00'),
(662, '25', '7', 'Vestibulum ac est lacinia nisi venenatis tristique.', 2, 0, '2016-02-25 23:00:00', '2016-03-17 23:00:00'),
(663, '40', '8', 'Sed ante.', 3, 0, '2015-11-28 23:00:00', '2016-04-06 22:00:00'),
(664, '33', '30', 'Nunc purus. Phasellus in felis.', 1, 0, '2015-09-12 22:00:00', '2016-05-05 22:00:00'),
(665, '29', '43', 'Morbi ut odio.', 5, 0, '2016-01-19 23:00:00', '2015-09-12 22:00:00'),
(666, '35', '6', 'Pellentesque viverra pede ac diam.', 2, 1, '2015-11-16 23:00:00', '2016-01-04 23:00:00'),
(667, '19', '7', 'Maecenas rhoncus aliquam lacus.', 4, 1, '2015-12-25 23:00:00', '2015-10-08 22:00:00'),
(668, '23', '47', 'Proin interdum mauris non ligula pellentesque ultrices.', 3, 1, '2016-04-09 22:00:00', '2016-01-08 23:00:00'),
(669, '21', '32', 'Nullam molestie nibh in lectus. Pellentesque at nulla.', 5, 0, '2016-07-20 22:00:00', '2016-01-04 23:00:00'),
(670, '8', '35', 'Etiam faucibus cursus urna. Ut tellus.', 5, 0, '2015-11-01 23:00:00', '2015-10-06 22:00:00'),
(671, '26', '45', 'Fusce consequat. Nulla nisl.', 4, 0, '2015-08-23 22:00:00', '2016-01-23 23:00:00'),
(672, '43', '17', 'Integer ac neque. Duis bibendum.', 3, 1, '2015-09-13 22:00:00', '2016-03-19 23:00:00'),
(673, '15', '24', 'Pellentesque viverra pede ac diam.', 1, 0, '2016-04-19 22:00:00', '2015-08-28 22:00:00'),
(674, '9', '11', 'Duis mattis egestas metus. Aenean fermentum.', 2, 1, '2016-07-08 22:00:00', '2016-05-24 22:00:00'),
(675, '38', '37', 'Cras non velit nec nisi vulputate nonummy. Maecenas tincidunt lacus at velit.', 1, 1, '2015-12-16 23:00:00', '2015-09-06 22:00:00'),
(676, '46', '1', 'Sed accumsan felis. Ut at dolor quis odio consequat varius.', 3, 1, '2015-12-09 23:00:00', '2015-08-29 22:00:00'),
(677, '22', '37', 'Phasellus sit amet erat.', 5, 0, '2016-04-04 22:00:00', '2015-08-16 22:00:00'),
(678, '2', '14', 'Duis consequat dui nec nisi volutpat eleifend. Donec ut dolor.', 5, 0, '2016-06-28 22:00:00', '2016-02-12 23:00:00'),
(679, '35', '41', 'Donec odio justo, sollicitudin ut, suscipit a, feugiat et, eros. Vestibulum ac est lacinia nisi venenatis tristique.', 5, 1, '2016-02-22 23:00:00', '2015-10-01 22:00:00'),
(680, '21', '10', 'Donec odio justo, sollicitudin ut, suscipit a, feugiat et, eros. Vestibulum ac est lacinia nisi venenatis tristique.', 3, 0, '2016-06-14 22:00:00', '2015-09-29 22:00:00'),
(681, '33', '13', 'Nulla ac enim. In tempor, turpis nec euismod scelerisque, quam turpis adipiscing lorem, vitae mattis nibh ligula nec sem.', 5, 0, '2015-10-16 22:00:00', '2016-05-04 22:00:00'),
(682, '13', '39', 'Morbi non lectus. Aliquam sit amet diam in magna bibendum imperdiet.', 5, 0, '2016-07-13 22:00:00', '2016-01-14 23:00:00'),
(683, '2', '19', 'Morbi sem mauris, laoreet ut, rhoncus aliquet, pulvinar sed, nisl. Nunc rhoncus dui vel sem.', 1, 1, '2015-08-09 22:00:00', '2016-07-04 22:00:00'),
(684, '37', '28', 'In hac habitasse platea dictumst.', 5, 0, '2016-07-16 22:00:00', '2016-02-09 23:00:00'),
(685, '29', '43', 'Fusce consequat.', 1, 1, '2016-06-10 22:00:00', '2016-06-25 22:00:00'),
(686, '48', '47', 'Cum sociis natoque penatibus et magnis dis parturient montes, nascetur ridiculus mus. Etiam vel augue.', 5, 1, '2015-09-08 22:00:00', '2016-05-09 22:00:00'),
(687, '41', '31', 'Morbi vel lectus in quam fringilla rhoncus. Mauris enim leo, rhoncus sed, vestibulum sit amet, cursus id, turpis.', 2, 1, '2015-11-03 23:00:00', '2015-10-15 22:00:00'),
(688, '31', '32', 'Nullam porttitor lacus at turpis.', 3, 0, '2016-01-09 23:00:00', '2015-09-12 22:00:00'),
(689, '3', '13', 'Integer a nibh.', 4, 1, '2016-07-01 22:00:00', '2016-08-06 22:00:00'),
(690, '29', '15', 'Integer tincidunt ante vel ipsum.', 3, 0, '2015-08-20 22:00:00', '2016-08-03 22:00:00'),
(691, '5', '9', 'Maecenas leo odio, condimentum id, luctus nec, molestie sed, justo.', 4, 0, '2015-11-01 23:00:00', '2015-12-12 23:00:00'),
(692, '30', '7', 'Pellentesque eget nunc. Donec quis orci eget orci vehicula condimentum.', 1, 1, '2015-10-08 22:00:00', '2015-10-21 22:00:00'),
(693, '32', '37', 'Mauris ullamcorper purus sit amet nulla. Quisque arcu libero, rutrum ac, lobortis vel, dapibus at, diam.', 5, 1, '2015-08-12 22:00:00', '2016-05-27 22:00:00'),
(694, '37', '40', 'Duis bibendum.', 1, 0, '2015-10-02 22:00:00', '2015-11-13 23:00:00'),
(695, '43', '36', 'Suspendisse potenti. Nullam porttitor lacus at turpis.', 2, 0, '2016-04-26 22:00:00', '2015-11-14 23:00:00'),
(696, '2', '4', 'Pellentesque eget nunc.', 5, 1, '2015-10-08 22:00:00', '2015-10-15 22:00:00'),
(697, '39', '18', 'Cras pellentesque volutpat dui. Maecenas tristique, est et tempus semper, est quam pharetra magna, ac consequat metus sapien ut nunc.', 5, 0, '2015-10-24 22:00:00', '2015-11-16 23:00:00'),
(698, '41', '29', 'Duis bibendum. Morbi non quam nec dui luctus rutrum.', 3, 1, '2015-08-29 22:00:00', '2015-08-30 22:00:00'),
(699, '19', '45', 'Quisque porta volutpat erat.', 4, 1, '2016-04-09 22:00:00', '2015-10-28 23:00:00'),
(700, '27', '36', 'Curabitur gravida nisi at nibh.', 2, 0, '2015-09-01 22:00:00', '2015-08-14 22:00:00'),
(701, '26', '32', 'Curabitur convallis. Duis consequat dui nec nisi volutpat eleifend.', 5, 1, '2015-10-25 23:00:00', '2016-07-31 22:00:00'),
(702, '23', '11', 'Curabitur convallis. Duis consequat dui nec nisi volutpat eleifend.', 1, 0, '2015-09-08 22:00:00', '2015-12-28 23:00:00'),
(703, '9', '10', 'Pellentesque eget nunc. Donec quis orci eget orci vehicula condimentum.', 4, 1, '2016-04-12 22:00:00', '2015-11-04 23:00:00'),
(704, '50', '50', 'In congue. Etiam justo.', 3, 1, '2015-09-14 22:00:00', '2015-11-09 23:00:00'),
(705, '45', '41', 'Aenean auctor gravida sem.', 5, 1, '2016-04-14 22:00:00', '2016-06-02 22:00:00'),
(706, '48', '3', 'Suspendisse potenti. In eleifend quam a odio.', 4, 0, '2016-06-05 22:00:00', '2016-06-23 22:00:00'),
(707, '41', '41', 'Morbi sem mauris, laoreet ut, rhoncus aliquet, pulvinar sed, nisl.', 3, 0, '2016-06-07 22:00:00', '2016-06-19 22:00:00'),
(708, '46', '43', 'Nunc purus. Phasellus in felis.', 2, 1, '2015-08-09 22:00:00', '2016-06-09 22:00:00'),
(709, '29', '9', 'Maecenas tristique, est et tempus semper, est quam pharetra magna, ac consequat metus sapien ut nunc.', 3, 0, '2016-08-04 22:00:00', '2015-09-29 22:00:00'),
(710, '47', '29', 'Duis consequat dui nec nisi volutpat eleifend.', 1, 1, '2016-06-06 22:00:00', '2015-08-09 22:00:00'),
(711, '42', '34', 'Maecenas pulvinar lobortis est.', 4, 1, '2015-11-25 23:00:00', '2015-12-12 23:00:00'),
(712, '22', '49', 'Nulla ac enim.', 1, 1, '2015-11-28 23:00:00', '2015-10-10 22:00:00'),
(713, '34', '49', 'Mauris ullamcorper purus sit amet nulla.', 1, 0, '2016-06-10 22:00:00', '2016-06-12 22:00:00'),
(714, '13', '17', 'Aliquam erat volutpat.', 5, 0, '2016-01-06 23:00:00', '2015-10-19 22:00:00'),
(715, '34', '16', 'Nam nulla.', 4, 1, '2015-10-24 22:00:00', '2016-01-31 23:00:00'),
(716, '5', '1', 'Suspendisse ornare consequat lectus. In est risus, auctor sed, tristique in, tempus sit amet, sem.', 5, 0, '2016-04-27 22:00:00', '2016-02-22 23:00:00'),
(717, '45', '37', 'Aenean lectus.', 3, 1, '2016-02-03 23:00:00', '2016-01-01 23:00:00'),
(718, '43', '49', 'Vestibulum ante ipsum primis in faucibus orci luctus et ultrices posuere cubilia Curae; Duis faucibus accumsan odio. Curabitur convallis.', 4, 0, '2015-10-16 22:00:00', '2015-11-19 23:00:00'),
(719, '19', '1', 'Cras pellentesque volutpat dui. Maecenas tristique, est et tempus semper, est quam pharetra magna, ac consequat metus sapien ut nunc.', 1, 1, '2016-03-18 23:00:00', '2015-08-18 22:00:00'),
(720, '38', '40', 'Proin at turpis a pede posuere nonummy.', 4, 0, '2015-12-24 23:00:00', '2016-01-22 23:00:00'),
(721, '11', '5', 'Cras mi pede, malesuada in, imperdiet et, commodo vulputate, justo.', 2, 0, '2016-02-08 23:00:00', '2015-11-13 23:00:00'),
(722, '6', '22', 'Nullam orci pede, venenatis non, sodales sed, tincidunt eu, felis. Fusce posuere felis sed lacus.', 5, 0, '2016-01-09 23:00:00', '2016-03-14 23:00:00'),
(723, '2', '7', 'Pellentesque eget nunc. Donec quis orci eget orci vehicula condimentum.', 5, 0, '2015-12-03 23:00:00', '2015-11-14 23:00:00'),
(724, '21', '27', 'Vestibulum rutrum rutrum neque. Aenean auctor gravida sem.', 3, 1, '2016-04-14 22:00:00', '2016-06-26 22:00:00'),
(725, '11', '37', 'Lorem ipsum dolor sit amet, consectetuer adipiscing elit.', 1, 1, '2016-07-19 22:00:00', '2016-06-18 22:00:00'),
(726, '5', '45', 'Sed vel enim sit amet nunc viverra dapibus.', 2, 1, '2015-09-17 22:00:00', '2015-11-20 23:00:00'),
(727, '33', '7', 'Nulla tempus.', 5, 1, '2016-06-02 22:00:00', '2016-04-30 22:00:00'),
(728, '18', '27', 'Fusce congue, diam id ornare imperdiet, sapien urna pretium nisl, ut volutpat sapien arcu sed augue. Aliquam erat volutpat.', 1, 0, '2016-01-18 23:00:00', '2015-11-10 23:00:00'),
(729, '26', '40', 'Cum sociis natoque penatibus et magnis dis parturient montes, nascetur ridiculus mus.', 2, 0, '2015-09-02 22:00:00', '2016-06-11 22:00:00'),
(730, '38', '27', 'Duis bibendum, felis sed interdum venenatis, turpis enim blandit mi, in porttitor pede justo eu massa. Donec dapibus.', 1, 0, '2015-11-27 23:00:00', '2015-08-09 22:00:00'),
(731, '8', '8', 'Vestibulum ac est lacinia nisi venenatis tristique.', 5, 0, '2015-12-05 23:00:00', '2015-09-09 22:00:00'),
(732, '21', '12', 'Vestibulum ante ipsum primis in faucibus orci luctus et ultrices posuere cubilia Curae; Mauris viverra diam vitae quam.', 2, 0, '2016-05-30 22:00:00', '2015-08-26 22:00:00'),
(733, '19', '36', 'Morbi ut odio. Cras mi pede, malesuada in, imperdiet et, commodo vulputate, justo.', 4, 1, '2015-09-04 22:00:00', '2015-08-27 22:00:00'),
(734, '40', '40', 'Cum sociis natoque penatibus et magnis dis parturient montes, nascetur ridiculus mus.', 5, 1, '2016-08-06 22:00:00', '2016-01-23 23:00:00'),
(735, '2', '36', 'Aliquam augue quam, sollicitudin vitae, consectetuer eget, rutrum at, lorem.', 1, 0, '2016-06-07 22:00:00', '2016-01-02 23:00:00'),
(736, '41', '36', 'Integer aliquet, massa id lobortis convallis, tortor risus dapibus augue, vel accumsan tellus nisi eu orci. Mauris lacinia sapien quis libero.', 3, 1, '2016-02-17 23:00:00', '2015-10-09 22:00:00'),
(737, '38', '18', 'Lorem ipsum dolor sit amet, consectetuer adipiscing elit. Proin risus.', 1, 1, '2016-07-17 22:00:00', '2015-09-24 22:00:00'),
(738, '16', '14', 'Sed accumsan felis.', 2, 1, '2016-03-15 23:00:00', '2015-09-11 22:00:00'),
(739, '13', '46', 'Duis bibendum.', 4, 0, '2016-02-08 23:00:00', '2015-12-14 23:00:00');
INSERT INTO `review` (`id`, `user`, `reviewed_user`, `review_content`, `rating`, `published`, `created_at`, `updated_at`) VALUES
(740, '47', '4', 'Nunc nisl. Duis bibendum, felis sed interdum venenatis, turpis enim blandit mi, in porttitor pede justo eu massa.', 5, 0, '2015-09-09 22:00:00', '2016-01-14 23:00:00'),
(741, '34', '15', 'Aliquam erat volutpat. In congue.', 1, 0, '2016-03-07 23:00:00', '2016-07-23 22:00:00'),
(742, '16', '23', 'Aenean sit amet justo. Morbi ut odio.', 4, 1, '2016-02-17 23:00:00', '2016-08-05 22:00:00'),
(743, '19', '49', 'Nullam porttitor lacus at turpis. Donec posuere metus vitae ipsum.', 1, 0, '2016-05-04 22:00:00', '2015-09-10 22:00:00'),
(744, '48', '1', 'Etiam pretium iaculis justo.', 1, 0, '2016-01-10 23:00:00', '2016-03-26 23:00:00'),
(745, '23', '40', 'Proin interdum mauris non ligula pellentesque ultrices.', 3, 1, '2016-05-06 22:00:00', '2016-01-15 23:00:00'),
(746, '33', '37', 'Donec ut mauris eget massa tempor convallis.', 1, 0, '2015-11-05 23:00:00', '2015-12-01 23:00:00'),
(747, '27', '18', 'Curabitur convallis.', 1, 0, '2016-07-04 22:00:00', '2016-02-23 23:00:00'),
(748, '26', '21', 'Nulla tellus. In sagittis dui vel nisl.', 5, 0, '2015-09-18 22:00:00', '2016-06-15 22:00:00'),
(749, '44', '50', 'Pellentesque ultrices mattis odio.', 1, 1, '2016-01-17 23:00:00', '2016-04-21 22:00:00'),
(750, '50', '13', 'Maecenas ut massa quis augue luctus tincidunt. Nulla mollis molestie lorem.', 2, 0, '2015-11-05 23:00:00', '2016-01-02 23:00:00'),
(751, '24', '5', 'Donec ut mauris eget massa tempor convallis.', 2, 0, '2016-03-18 23:00:00', '2015-12-06 23:00:00'),
(752, '43', '13', 'Nam nulla.', 4, 0, '2016-03-11 23:00:00', '2016-05-04 22:00:00'),
(753, '12', '16', 'Nulla neque libero, convallis eget, eleifend luctus, ultricies eu, nibh. Quisque id justo sit amet sapien dignissim vestibulum.', 5, 1, '2015-11-19 23:00:00', '2016-04-22 22:00:00'),
(754, '13', '3', 'Vestibulum rutrum rutrum neque.', 5, 0, '2015-11-25 23:00:00', '2016-02-14 23:00:00'),
(755, '6', '15', 'Duis consequat dui nec nisi volutpat eleifend.', 2, 0, '2016-04-17 22:00:00', '2015-08-16 22:00:00'),
(756, '27', '33', 'Morbi sem mauris, laoreet ut, rhoncus aliquet, pulvinar sed, nisl. Nunc rhoncus dui vel sem.', 1, 1, '2016-06-20 22:00:00', '2015-12-14 23:00:00'),
(757, '24', '14', 'Aliquam erat volutpat.', 4, 0, '2016-01-15 23:00:00', '2016-05-10 22:00:00'),
(758, '11', '13', 'Aliquam sit amet diam in magna bibendum imperdiet. Nullam orci pede, venenatis non, sodales sed, tincidunt eu, felis.', 1, 0, '2016-06-23 22:00:00', '2016-06-10 22:00:00'),
(759, '11', '4', 'Mauris ullamcorper purus sit amet nulla. Quisque arcu libero, rutrum ac, lobortis vel, dapibus at, diam.', 2, 0, '2016-07-19 22:00:00', '2015-09-20 22:00:00'),
(760, '42', '15', 'Morbi a ipsum. Integer a nibh.', 1, 1, '2015-12-17 23:00:00', '2016-06-09 22:00:00'),
(761, '5', '10', 'Curabitur gravida nisi at nibh.', 3, 0, '2015-12-19 23:00:00', '2016-03-24 23:00:00'),
(762, '41', '27', 'Nullam porttitor lacus at turpis.', 2, 1, '2016-04-18 22:00:00', '2015-10-13 22:00:00'),
(763, '29', '6', 'Morbi odio odio, elementum eu, interdum eu, tincidunt in, leo. Maecenas pulvinar lobortis est.', 3, 1, '2015-11-05 23:00:00', '2015-09-21 22:00:00'),
(764, '18', '33', 'Vivamus metus arcu, adipiscing molestie, hendrerit at, vulputate vitae, nisl. Aenean lectus.', 5, 1, '2016-04-10 22:00:00', '2016-07-27 22:00:00'),
(765, '16', '34', 'Pellentesque ultrices mattis odio.', 5, 0, '2016-07-08 22:00:00', '2015-12-19 23:00:00'),
(766, '10', '13', 'Nulla justo. Aliquam quis turpis eget elit sodales scelerisque.', 3, 0, '2015-09-06 22:00:00', '2016-02-10 23:00:00'),
(767, '29', '50', 'Proin interdum mauris non ligula pellentesque ultrices. Phasellus id sapien in sapien iaculis congue.', 1, 1, '2015-09-01 22:00:00', '2016-06-06 22:00:00'),
(768, '44', '16', 'Vivamus vel nulla eget eros elementum pellentesque.', 1, 0, '2015-11-26 23:00:00', '2015-08-31 22:00:00'),
(769, '44', '42', 'Morbi quis tortor id nulla ultrices aliquet.', 5, 0, '2016-02-23 23:00:00', '2015-10-02 22:00:00'),
(770, '49', '29', 'Phasellus sit amet erat.', 2, 1, '2016-05-21 22:00:00', '2016-06-02 22:00:00'),
(771, '28', '26', 'Proin at turpis a pede posuere nonummy. Integer non velit.', 4, 1, '2016-03-14 23:00:00', '2016-06-12 22:00:00'),
(772, '14', '20', 'Donec quis orci eget orci vehicula condimentum. Curabitur in libero ut massa volutpat convallis.', 3, 1, '2015-09-11 22:00:00', '2016-06-21 22:00:00'),
(773, '5', '10', 'Nam congue, risus semper porta volutpat, quam pede lobortis ligula, sit amet eleifend pede libero quis orci. Nullam molestie nibh in lectus.', 2, 0, '2016-05-08 22:00:00', '2016-04-10 22:00:00'),
(774, '33', '48', 'Vestibulum ante ipsum primis in faucibus orci luctus et ultrices posuere cubilia Curae; Nulla dapibus dolor vel est. Donec odio justo, sollicitudin ut, suscipit a, feugiat et, eros.', 1, 0, '2015-09-28 22:00:00', '2015-12-01 23:00:00'),
(775, '7', '22', 'Quisque id justo sit amet sapien dignissim vestibulum.', 3, 1, '2016-06-13 22:00:00', '2016-01-14 23:00:00'),
(776, '13', '32', 'Cras mi pede, malesuada in, imperdiet et, commodo vulputate, justo. In blandit ultrices enim.', 4, 0, '2015-08-23 22:00:00', '2016-06-01 22:00:00'),
(777, '19', '1', 'Fusce lacus purus, aliquet at, feugiat non, pretium quis, lectus. Suspendisse potenti.', 1, 0, '2015-08-08 22:00:00', '2015-08-10 22:00:00'),
(778, '6', '21', 'Morbi non quam nec dui luctus rutrum.', 4, 0, '2015-11-11 23:00:00', '2016-06-17 22:00:00'),
(779, '29', '49', 'Aenean fermentum.', 4, 0, '2015-09-02 22:00:00', '2015-09-07 22:00:00'),
(780, '16', '11', 'Aenean fermentum.', 5, 0, '2016-01-11 23:00:00', '2016-04-22 22:00:00'),
(781, '22', '16', 'Nam dui.', 1, 0, '2016-01-22 23:00:00', '2015-11-16 23:00:00'),
(782, '9', '41', 'Suspendisse potenti. In eleifend quam a odio.', 3, 1, '2015-10-20 22:00:00', '2015-09-09 22:00:00'),
(783, '35', '13', 'Nulla ut erat id mauris vulputate elementum. Nullam varius.', 3, 0, '2016-05-16 22:00:00', '2016-05-04 22:00:00'),
(784, '41', '17', 'Sed sagittis. Nam congue, risus semper porta volutpat, quam pede lobortis ligula, sit amet eleifend pede libero quis orci.', 2, 0, '2016-03-25 23:00:00', '2016-01-20 23:00:00'),
(785, '2', '3', 'Etiam pretium iaculis justo. In hac habitasse platea dictumst.', 1, 0, '2016-06-14 22:00:00', '2016-02-24 23:00:00'),
(786, '17', '25', 'Praesent id massa id nisl venenatis lacinia. Aenean sit amet justo.', 3, 0, '2015-09-06 22:00:00', '2016-02-13 23:00:00'),
(787, '34', '6', 'Mauris enim leo, rhoncus sed, vestibulum sit amet, cursus id, turpis.', 5, 1, '2015-09-13 22:00:00', '2015-11-15 23:00:00'),
(788, '14', '49', 'Aliquam erat volutpat.', 5, 1, '2016-01-17 23:00:00', '2016-07-30 22:00:00'),
(789, '23', '50', 'Vestibulum quam sapien, varius ut, blandit non, interdum in, ante. Vestibulum ante ipsum primis in faucibus orci luctus et ultrices posuere cubilia Curae; Duis faucibus accumsan odio.', 2, 1, '2016-07-28 22:00:00', '2016-06-11 22:00:00'),
(790, '46', '15', 'Nunc purus. Phasellus in felis.', 5, 0, '2015-10-28 23:00:00', '2016-07-17 22:00:00'),
(791, '4', '45', 'Nulla neque libero, convallis eget, eleifend luctus, ultricies eu, nibh.', 2, 0, '2016-06-26 22:00:00', '2016-05-28 22:00:00'),
(792, '24', '15', 'Curabitur convallis.', 4, 1, '2016-06-13 22:00:00', '2015-08-14 22:00:00'),
(793, '8', '44', 'Phasellus sit amet erat. Nulla tempus.', 2, 0, '2015-09-20 22:00:00', '2016-05-07 22:00:00'),
(794, '27', '43', 'Aliquam non mauris.', 1, 0, '2015-12-24 23:00:00', '2015-08-18 22:00:00'),
(795, '48', '5', 'Duis ac nibh. Fusce lacus purus, aliquet at, feugiat non, pretium quis, lectus.', 1, 0, '2016-05-18 22:00:00', '2015-10-18 22:00:00'),
(796, '19', '12', 'Nullam varius. Nulla facilisi.', 5, 0, '2015-10-31 23:00:00', '2015-09-06 22:00:00'),
(797, '8', '19', 'Mauris enim leo, rhoncus sed, vestibulum sit amet, cursus id, turpis.', 4, 0, '2016-03-21 23:00:00', '2015-12-11 23:00:00'),
(798, '42', '7', 'Integer pede justo, lacinia eget, tincidunt eget, tempus vel, pede.', 1, 0, '2015-10-14 22:00:00', '2015-12-16 23:00:00'),
(799, '30', '16', 'Morbi porttitor lorem id ligula. Suspendisse ornare consequat lectus.', 4, 0, '2016-04-06 22:00:00', '2015-11-20 23:00:00'),
(800, '15', '40', 'Maecenas pulvinar lobortis est.', 5, 1, '2016-07-19 22:00:00', '2016-05-09 22:00:00'),
(801, '37', '36', 'Integer aliquet, massa id lobortis convallis, tortor risus dapibus augue, vel accumsan tellus nisi eu orci. Mauris lacinia sapien quis libero.', 3, 1, '2016-04-10 22:00:00', '2016-05-28 22:00:00'),
(802, '8', '5', 'Duis ac nibh. Fusce lacus purus, aliquet at, feugiat non, pretium quis, lectus.', 2, 0, '2016-05-23 22:00:00', '2016-05-31 22:00:00'),
(803, '26', '33', 'Nulla tellus. In sagittis dui vel nisl.', 5, 0, '2015-09-08 22:00:00', '2016-04-01 22:00:00'),
(804, '1', '26', 'Suspendisse accumsan tortor quis turpis.', 1, 0, '2016-03-06 23:00:00', '2015-08-15 22:00:00'),
(805, '23', '44', 'Vivamus in felis eu sapien cursus vestibulum.', 5, 1, '2015-09-24 22:00:00', '2015-11-02 23:00:00'),
(806, '43', '4', 'Donec diam neque, vestibulum eget, vulputate ut, ultrices vel, augue.', 2, 1, '2015-12-15 23:00:00', '2016-01-04 23:00:00'),
(807, '48', '48', 'Pellentesque eget nunc.', 1, 0, '2015-11-03 23:00:00', '2016-06-09 22:00:00'),
(808, '48', '2', 'Vivamus vel nulla eget eros elementum pellentesque. Quisque porta volutpat erat.', 5, 1, '2015-09-08 22:00:00', '2016-07-06 22:00:00'),
(809, '5', '20', 'Suspendisse potenti.', 3, 1, '2016-03-30 22:00:00', '2015-12-28 23:00:00'),
(810, '32', '46', 'Maecenas leo odio, condimentum id, luctus nec, molestie sed, justo.', 2, 1, '2016-07-22 22:00:00', '2015-09-06 22:00:00'),
(811, '21', '9', 'In hac habitasse platea dictumst.', 4, 1, '2016-01-21 23:00:00', '2015-11-22 23:00:00'),
(812, '43', '23', 'Mauris sit amet eros. Suspendisse accumsan tortor quis turpis.', 4, 1, '2015-08-17 22:00:00', '2016-07-14 22:00:00'),
(813, '38', '45', 'Duis consequat dui nec nisi volutpat eleifend.', 5, 0, '2015-10-24 22:00:00', '2015-09-25 22:00:00'),
(814, '29', '10', 'Morbi a ipsum.', 5, 0, '2016-04-02 22:00:00', '2016-05-11 22:00:00'),
(815, '32', '5', 'Curabitur gravida nisi at nibh. In hac habitasse platea dictumst.', 2, 0, '2015-09-22 22:00:00', '2015-12-27 23:00:00'),
(816, '49', '39', 'Maecenas leo odio, condimentum id, luctus nec, molestie sed, justo. Pellentesque viverra pede ac diam.', 5, 0, '2016-03-15 23:00:00', '2016-04-27 22:00:00'),
(817, '36', '25', 'Nullam porttitor lacus at turpis. Donec posuere metus vitae ipsum.', 1, 0, '2016-06-13 22:00:00', '2016-08-06 22:00:00'),
(818, '34', '42', 'Vestibulum rutrum rutrum neque. Aenean auctor gravida sem.', 3, 1, '2016-03-05 23:00:00', '2016-04-15 22:00:00'),
(819, '13', '27', 'Phasellus in felis.', 5, 0, '2016-03-11 23:00:00', '2016-06-07 22:00:00'),
(820, '39', '4', 'Suspendisse potenti. Cras in purus eu magna vulputate luctus.', 4, 1, '2016-05-17 22:00:00', '2015-11-09 23:00:00'),
(821, '44', '8', 'Integer non velit. Donec diam neque, vestibulum eget, vulputate ut, ultrices vel, augue.', 4, 1, '2015-10-20 22:00:00', '2016-03-05 23:00:00'),
(822, '50', '41', 'Curabitur in libero ut massa volutpat convallis.', 2, 1, '2016-04-28 22:00:00', '2015-08-07 22:00:00'),
(823, '4', '25', 'Lorem ipsum dolor sit amet, consectetuer adipiscing elit.', 3, 0, '2016-05-22 22:00:00', '2016-02-06 23:00:00'),
(824, '10', '40', 'Phasellus sit amet erat. Nulla tempus.', 1, 1, '2016-01-21 23:00:00', '2015-09-12 22:00:00'),
(825, '36', '14', 'Nullam sit amet turpis elementum ligula vehicula consequat.', 3, 0, '2015-10-09 22:00:00', '2016-02-28 23:00:00'),
(826, '8', '34', 'Nullam molestie nibh in lectus.', 4, 1, '2016-03-22 23:00:00', '2016-08-02 22:00:00'),
(827, '23', '44', 'Morbi porttitor lorem id ligula.', 3, 1, '2015-10-16 22:00:00', '2016-06-17 22:00:00'),
(828, '28', '37', 'Duis consequat dui nec nisi volutpat eleifend.', 2, 1, '2015-11-17 23:00:00', '2015-10-12 22:00:00'),
(829, '35', '39', 'Vestibulum ante ipsum primis in faucibus orci luctus et ultrices posuere cubilia Curae; Nulla dapibus dolor vel est. Donec odio justo, sollicitudin ut, suscipit a, feugiat et, eros.', 3, 1, '2015-10-02 22:00:00', '2015-08-31 22:00:00'),
(830, '16', '15', 'Etiam pretium iaculis justo. In hac habitasse platea dictumst.', 1, 0, '2015-08-17 22:00:00', '2016-02-28 23:00:00'),
(831, '34', '42', 'In blandit ultrices enim. Lorem ipsum dolor sit amet, consectetuer adipiscing elit.', 5, 0, '2016-04-02 22:00:00', '2016-04-11 22:00:00'),
(832, '34', '16', 'Curabitur at ipsum ac tellus semper interdum.', 5, 0, '2016-06-15 22:00:00', '2016-03-12 23:00:00'),
(833, '35', '30', 'Donec diam neque, vestibulum eget, vulputate ut, ultrices vel, augue.', 1, 0, '2015-11-01 23:00:00', '2016-04-27 22:00:00'),
(834, '36', '12', 'Morbi odio odio, elementum eu, interdum eu, tincidunt in, leo. Maecenas pulvinar lobortis est.', 4, 0, '2015-08-24 22:00:00', '2015-11-05 23:00:00'),
(835, '43', '46', 'Suspendisse potenti. Cras in purus eu magna vulputate luctus.', 3, 0, '2016-05-10 22:00:00', '2015-09-16 22:00:00'),
(836, '23', '19', 'Suspendisse potenti.', 4, 1, '2016-02-24 23:00:00', '2015-09-24 22:00:00'),
(837, '46', '5', 'Duis mattis egestas metus.', 4, 1, '2015-12-25 23:00:00', '2016-03-04 23:00:00'),
(838, '14', '1', 'Praesent lectus. Vestibulum quam sapien, varius ut, blandit non, interdum in, ante.', 3, 0, '2015-08-22 22:00:00', '2015-09-27 22:00:00'),
(839, '19', '6', 'Curabitur convallis.', 5, 1, '2016-06-17 22:00:00', '2015-10-04 22:00:00'),
(840, '16', '32', 'Phasellus in felis. Donec semper sapien a libero.', 1, 0, '2015-08-23 22:00:00', '2015-09-09 22:00:00'),
(841, '23', '49', 'In hac habitasse platea dictumst. Maecenas ut massa quis augue luctus tincidunt.', 1, 0, '2016-06-01 22:00:00', '2015-11-27 23:00:00'),
(842, '49', '36', 'Cras in purus eu magna vulputate luctus. Cum sociis natoque penatibus et magnis dis parturient montes, nascetur ridiculus mus.', 1, 0, '2015-09-08 22:00:00', '2016-02-02 23:00:00'),
(843, '19', '9', 'Pellentesque at nulla.', 4, 1, '2016-02-07 23:00:00', '2016-02-24 23:00:00'),
(844, '30', '28', 'Sed vel enim sit amet nunc viverra dapibus.', 2, 0, '2015-11-23 23:00:00', '2016-06-29 22:00:00'),
(845, '14', '24', 'Vestibulum ante ipsum primis in faucibus orci luctus et ultrices posuere cubilia Curae; Nulla dapibus dolor vel est. Donec odio justo, sollicitudin ut, suscipit a, feugiat et, eros.', 1, 0, '2015-10-17 22:00:00', '2015-11-27 23:00:00'),
(846, '18', '24', 'Quisque ut erat. Curabitur gravida nisi at nibh.', 4, 0, '2016-05-17 22:00:00', '2016-04-21 22:00:00'),
(847, '35', '30', 'Mauris enim leo, rhoncus sed, vestibulum sit amet, cursus id, turpis. Integer aliquet, massa id lobortis convallis, tortor risus dapibus augue, vel accumsan tellus nisi eu orci.', 5, 1, '2016-06-26 22:00:00', '2015-08-27 22:00:00'),
(848, '19', '8', 'Aliquam augue quam, sollicitudin vitae, consectetuer eget, rutrum at, lorem.', 5, 1, '2015-12-17 23:00:00', '2015-12-02 23:00:00'),
(849, '39', '37', 'Nullam molestie nibh in lectus.', 5, 1, '2016-02-11 23:00:00', '2016-08-06 22:00:00'),
(850, '19', '17', 'Sed ante.', 2, 1, '2015-10-28 23:00:00', '2015-11-08 23:00:00'),
(851, '25', '5', 'Duis consequat dui nec nisi volutpat eleifend.', 4, 0, '2016-06-21 22:00:00', '2016-07-14 22:00:00'),
(852, '36', '39', 'Integer ac neque.', 2, 0, '2015-08-24 22:00:00', '2016-07-09 22:00:00'),
(853, '35', '18', 'Morbi sem mauris, laoreet ut, rhoncus aliquet, pulvinar sed, nisl.', 1, 0, '2016-06-08 22:00:00', '2015-09-12 22:00:00'),
(854, '2', '4', 'Etiam faucibus cursus urna. Ut tellus.', 3, 1, '2016-03-04 23:00:00', '2016-03-04 23:00:00'),
(855, '34', '22', 'Nullam sit amet turpis elementum ligula vehicula consequat. Morbi a ipsum.', 4, 1, '2016-03-31 22:00:00', '2015-09-04 22:00:00'),
(856, '35', '11', 'Maecenas pulvinar lobortis est. Phasellus sit amet erat.', 1, 1, '2015-08-23 22:00:00', '2015-12-23 23:00:00'),
(857, '36', '42', 'Aenean auctor gravida sem. Praesent id massa id nisl venenatis lacinia.', 4, 1, '2016-05-16 22:00:00', '2016-02-08 23:00:00'),
(858, '39', '27', 'Vestibulum sed magna at nunc commodo placerat. Praesent blandit.', 5, 1, '2015-11-23 23:00:00', '2015-11-22 23:00:00'),
(859, '34', '39', 'Etiam justo. Etiam pretium iaculis justo.', 1, 0, '2015-12-09 23:00:00', '2015-10-06 22:00:00'),
(860, '18', '45', 'Duis ac nibh. Fusce lacus purus, aliquet at, feugiat non, pretium quis, lectus.', 2, 1, '2015-11-16 23:00:00', '2016-03-15 23:00:00'),
(861, '24', '10', 'Sed accumsan felis. Ut at dolor quis odio consequat varius.', 3, 1, '2016-02-16 23:00:00', '2015-09-26 22:00:00'),
(862, '36', '18', 'Pellentesque viverra pede ac diam. Cras pellentesque volutpat dui.', 3, 1, '2016-07-21 22:00:00', '2016-05-21 22:00:00'),
(863, '22', '28', 'Integer non velit.', 5, 1, '2016-05-29 22:00:00', '2016-05-17 22:00:00'),
(864, '23', '11', 'In tempor, turpis nec euismod scelerisque, quam turpis adipiscing lorem, vitae mattis nibh ligula nec sem. Duis aliquam convallis nunc.', 2, 0, '2015-09-25 22:00:00', '2016-07-17 22:00:00'),
(865, '14', '46', 'Nullam sit amet turpis elementum ligula vehicula consequat.', 5, 0, '2015-09-04 22:00:00', '2016-03-11 23:00:00'),
(866, '41', '48', 'Suspendisse potenti.', 5, 0, '2015-09-23 22:00:00', '2015-08-10 22:00:00'),
(867, '36', '26', 'Suspendisse potenti. Cras in purus eu magna vulputate luctus.', 5, 1, '2015-08-12 22:00:00', '2016-03-25 23:00:00'),
(868, '47', '30', 'Cras pellentesque volutpat dui. Maecenas tristique, est et tempus semper, est quam pharetra magna, ac consequat metus sapien ut nunc.', 3, 0, '2016-05-01 22:00:00', '2015-11-08 23:00:00'),
(869, '31', '15', 'Cras in purus eu magna vulputate luctus. Cum sociis natoque penatibus et magnis dis parturient montes, nascetur ridiculus mus.', 4, 1, '2016-02-16 23:00:00', '2016-06-21 22:00:00'),
(870, '9', '37', 'Integer aliquet, massa id lobortis convallis, tortor risus dapibus augue, vel accumsan tellus nisi eu orci. Mauris lacinia sapien quis libero.', 2, 1, '2016-03-23 23:00:00', '2015-12-08 23:00:00'),
(871, '45', '38', 'Etiam justo. Etiam pretium iaculis justo.', 5, 1, '2015-10-12 22:00:00', '2016-01-07 23:00:00'),
(872, '22', '32', 'Donec ut dolor. Morbi vel lectus in quam fringilla rhoncus.', 3, 0, '2016-04-27 22:00:00', '2015-11-02 23:00:00'),
(873, '33', '14', 'Morbi ut odio.', 3, 1, '2015-10-08 22:00:00', '2015-10-01 22:00:00'),
(874, '36', '42', 'Nulla tellus. In sagittis dui vel nisl.', 1, 1, '2016-07-07 22:00:00', '2016-07-24 22:00:00'),
(875, '40', '27', 'Aliquam quis turpis eget elit sodales scelerisque.', 1, 0, '2016-03-31 22:00:00', '2016-06-11 22:00:00'),
(876, '24', '6', 'Praesent id massa id nisl venenatis lacinia. Aenean sit amet justo.', 1, 1, '2015-10-01 22:00:00', '2015-09-03 22:00:00'),
(877, '34', '44', 'Morbi vel lectus in quam fringilla rhoncus.', 4, 0, '2016-04-23 22:00:00', '2015-09-08 22:00:00'),
(878, '27', '40', 'Curabitur convallis.', 3, 1, '2016-05-04 22:00:00', '2016-02-03 23:00:00'),
(879, '30', '21', 'Nulla ut erat id mauris vulputate elementum.', 4, 1, '2015-09-27 22:00:00', '2016-02-01 23:00:00'),
(880, '38', '14', 'Proin risus. Praesent lectus.', 3, 1, '2016-01-17 23:00:00', '2015-12-29 23:00:00'),
(881, '44', '22', 'Duis ac nibh. Fusce lacus purus, aliquet at, feugiat non, pretium quis, lectus.', 2, 1, '2016-04-08 22:00:00', '2015-11-07 23:00:00'),
(882, '12', '3', 'Donec posuere metus vitae ipsum. Aliquam non mauris.', 4, 1, '2015-11-10 23:00:00', '2015-09-15 22:00:00'),
(883, '7', '44', 'Suspendisse accumsan tortor quis turpis.', 2, 0, '2015-11-20 23:00:00', '2015-11-28 23:00:00'),
(884, '7', '43', 'Quisque id justo sit amet sapien dignissim vestibulum. Vestibulum ante ipsum primis in faucibus orci luctus et ultrices posuere cubilia Curae; Nulla dapibus dolor vel est.', 1, 0, '2015-12-11 23:00:00', '2016-03-12 23:00:00'),
(885, '6', '33', 'Morbi quis tortor id nulla ultrices aliquet. Maecenas leo odio, condimentum id, luctus nec, molestie sed, justo.', 3, 0, '2016-04-29 22:00:00', '2016-02-08 23:00:00'),
(886, '17', '2', 'Vivamus vestibulum sagittis sapien. Cum sociis natoque penatibus et magnis dis parturient montes, nascetur ridiculus mus.', 5, 0, '2015-10-05 22:00:00', '2015-09-16 22:00:00'),
(887, '23', '6', 'Morbi quis tortor id nulla ultrices aliquet. Maecenas leo odio, condimentum id, luctus nec, molestie sed, justo.', 1, 0, '2016-01-13 23:00:00', '2015-12-08 23:00:00'),
(888, '4', '33', 'Proin interdum mauris non ligula pellentesque ultrices. Phasellus id sapien in sapien iaculis congue.', 2, 0, '2015-10-10 22:00:00', '2016-08-13 12:45:25'),
(889, '36', '13', 'Etiam vel augue.', 5, 1, '2015-08-21 22:00:00', '2016-05-23 22:00:00'),
(890, '25', '42', 'Maecenas tincidunt lacus at velit. Vivamus vel nulla eget eros elementum pellentesque.', 4, 1, '2016-03-04 23:00:00', '2016-04-16 22:00:00'),
(891, '43', '23', 'Cum sociis natoque penatibus et magnis dis parturient montes, nascetur ridiculus mus. Etiam vel augue.', 5, 1, '2015-10-28 23:00:00', '2015-11-07 23:00:00'),
(892, '11', '48', 'Praesent id massa id nisl venenatis lacinia. Aenean sit amet justo.', 2, 0, '2016-01-11 23:00:00', '2015-08-21 22:00:00'),
(893, '18', '18', 'Vestibulum ante ipsum primis in faucibus orci luctus et ultrices posuere cubilia Curae; Mauris viverra diam vitae quam.', 4, 1, '2016-05-02 22:00:00', '2016-01-04 23:00:00'),
(894, '8', '29', 'Fusce congue, diam id ornare imperdiet, sapien urna pretium nisl, ut volutpat sapien arcu sed augue.', 1, 0, '2015-10-07 22:00:00', '2015-08-15 22:00:00'),
(895, '11', '38', 'In hac habitasse platea dictumst.', 3, 0, '2015-10-21 22:00:00', '2015-11-26 23:00:00'),
(896, '18', '34', 'Curabitur in libero ut massa volutpat convallis. Morbi odio odio, elementum eu, interdum eu, tincidunt in, leo.', 3, 1, '2016-02-05 23:00:00', '2015-11-18 23:00:00'),
(897, '2', '16', 'Nunc purus. Phasellus in felis.', 4, 1, '2016-06-17 22:00:00', '2015-09-26 22:00:00'),
(898, '8', '10', 'Aenean fermentum. Donec ut mauris eget massa tempor convallis.', 2, 0, '2015-08-09 22:00:00', '2016-02-28 23:00:00'),
(899, '23', '27', 'Morbi quis tortor id nulla ultrices aliquet.', 4, 1, '2016-01-13 23:00:00', '2016-06-07 22:00:00'),
(900, '2', '49', 'Vestibulum quam sapien, varius ut, blandit non, interdum in, ante. Vestibulum ante ipsum primis in faucibus orci luctus et ultrices posuere cubilia Curae; Duis faucibus accumsan odio.', 4, 1, '2015-12-28 23:00:00', '2016-06-18 22:00:00'),
(901, '7', '38', 'Nullam sit amet turpis elementum ligula vehicula consequat.', 3, 0, '2016-06-08 22:00:00', '2015-08-20 22:00:00'),
(902, '23', '37', 'Quisque id justo sit amet sapien dignissim vestibulum. Vestibulum ante ipsum primis in faucibus orci luctus et ultrices posuere cubilia Curae; Nulla dapibus dolor vel est.', 2, 1, '2016-04-12 22:00:00', '2015-09-07 22:00:00'),
(903, '24', '41', 'In congue. Etiam justo.', 2, 1, '2015-11-12 23:00:00', '2016-05-03 22:00:00'),
(904, '40', '47', 'Nulla nisl.', 5, 1, '2015-12-27 23:00:00', '2015-09-16 22:00:00'),
(905, '41', '13', 'Cum sociis natoque penatibus et magnis dis parturient montes, nascetur ridiculus mus. Etiam vel augue.', 4, 1, '2016-07-21 22:00:00', '2016-03-23 23:00:00'),
(906, '11', '45', 'Nullam orci pede, venenatis non, sodales sed, tincidunt eu, felis.', 5, 1, '2016-04-18 22:00:00', '2016-07-10 22:00:00'),
(907, '18', '38', 'In hac habitasse platea dictumst.', 5, 1, '2016-01-22 23:00:00', '2016-04-21 22:00:00'),
(908, '1', '18', 'Nulla justo. Aliquam quis turpis eget elit sodales scelerisque.', 3, 1, '2016-07-17 22:00:00', '2016-07-27 22:00:00'),
(909, '21', '3', 'Aliquam quis turpis eget elit sodales scelerisque. Mauris sit amet eros.', 1, 0, '2015-11-06 23:00:00', '2016-01-04 23:00:00'),
(910, '37', '3', 'Integer ac neque. Duis bibendum.', 5, 1, '2015-12-18 23:00:00', '2016-01-31 23:00:00'),
(911, '9', '7', 'Phasellus id sapien in sapien iaculis congue.', 1, 1, '2015-12-11 23:00:00', '2015-11-16 23:00:00'),
(912, '38', '20', 'Integer tincidunt ante vel ipsum. Praesent blandit lacinia erat.', 3, 0, '2016-06-30 22:00:00', '2016-05-27 22:00:00'),
(913, '49', '13', 'Morbi vestibulum, velit id pretium iaculis, diam erat fermentum justo, nec condimentum neque sapien placerat ante. Nulla justo.', 3, 0, '2015-08-29 22:00:00', '2016-02-03 23:00:00'),
(914, '21', '10', 'Etiam vel augue.', 1, 0, '2016-01-17 23:00:00', '2015-09-19 22:00:00'),
(915, '26', '34', 'Nunc purus. Phasellus in felis.', 2, 1, '2016-08-05 22:00:00', '2016-01-30 23:00:00'),
(916, '3', '6', 'Aliquam non mauris.', 4, 1, '2016-05-29 22:00:00', '2015-10-21 22:00:00'),
(917, '11', '41', 'Mauris sit amet eros.', 3, 0, '2016-07-16 22:00:00', '2015-10-06 22:00:00'),
(918, '15', '42', 'Proin interdum mauris non ligula pellentesque ultrices. Phasellus id sapien in sapien iaculis congue.', 2, 1, '2016-06-07 22:00:00', '2015-12-02 23:00:00'),
(919, '38', '23', 'Cum sociis natoque penatibus et magnis dis parturient montes, nascetur ridiculus mus. Vivamus vestibulum sagittis sapien.', 1, 1, '2015-08-08 22:00:00', '2016-06-29 22:00:00'),
(920, '22', '30', 'Nam ultrices, libero non mattis pulvinar, nulla pede ullamcorper augue, a suscipit nulla elit ac nulla.', 4, 1, '2015-10-09 22:00:00', '2016-02-20 23:00:00'),
(921, '10', '4', 'Vestibulum ante ipsum primis in faucibus orci luctus et ultrices posuere cubilia Curae; Nulla dapibus dolor vel est.', 1, 1, '2016-05-29 22:00:00', '2016-04-20 22:00:00'),
(922, '32', '9', 'In tempor, turpis nec euismod scelerisque, quam turpis adipiscing lorem, vitae mattis nibh ligula nec sem.', 2, 1, '2015-09-03 22:00:00', '2016-05-01 22:00:00'),
(923, '35', '16', 'Sed ante.', 5, 0, '2015-10-22 22:00:00', '2015-12-19 23:00:00'),
(924, '40', '36', 'Proin at turpis a pede posuere nonummy.', 4, 1, '2016-06-23 22:00:00', '2016-06-15 22:00:00'),
(925, '21', '50', 'Donec vitae nisi. Nam ultrices, libero non mattis pulvinar, nulla pede ullamcorper augue, a suscipit nulla elit ac nulla.', 2, 0, '2015-10-30 23:00:00', '2016-01-11 23:00:00'),
(926, '16', '36', 'Nulla ut erat id mauris vulputate elementum.', 5, 1, '2015-11-09 23:00:00', '2016-02-26 23:00:00'),
(927, '2', '27', 'Nullam varius.', 1, 0, '2016-04-02 22:00:00', '2016-04-19 22:00:00'),
(928, '1', '43', 'Curabitur at ipsum ac tellus semper interdum.', 3, 1, '2016-05-29 22:00:00', '2016-07-05 22:00:00'),
(929, '8', '27', 'Mauris enim leo, rhoncus sed, vestibulum sit amet, cursus id, turpis. Integer aliquet, massa id lobortis convallis, tortor risus dapibus augue, vel accumsan tellus nisi eu orci.', 2, 1, '2016-04-19 22:00:00', '2015-08-21 22:00:00'),
(930, '46', '7', 'Mauris ullamcorper purus sit amet nulla.', 5, 1, '2015-10-14 22:00:00', '2016-06-20 22:00:00'),
(931, '14', '42', 'Morbi sem mauris, laoreet ut, rhoncus aliquet, pulvinar sed, nisl.', 1, 1, '2015-10-12 22:00:00', '2015-12-31 23:00:00'),
(932, '35', '34', 'Nulla ut erat id mauris vulputate elementum. Nullam varius.', 3, 0, '2016-07-23 22:00:00', '2015-08-22 22:00:00'),
(933, '1', '39', 'Morbi vestibulum, velit id pretium iaculis, diam erat fermentum justo, nec condimentum neque sapien placerat ante.', 2, 0, '2016-04-27 22:00:00', '2016-06-19 22:00:00'),
(934, '38', '33', 'Vestibulum ac est lacinia nisi venenatis tristique.', 4, 1, '2015-08-23 22:00:00', '2016-01-21 23:00:00'),
(935, '43', '26', 'Integer aliquet, massa id lobortis convallis, tortor risus dapibus augue, vel accumsan tellus nisi eu orci. Mauris lacinia sapien quis libero.', 1, 0, '2016-04-17 22:00:00', '2015-12-05 23:00:00'),
(936, '6', '39', 'Duis mattis egestas metus.', 1, 1, '2015-08-22 22:00:00', '2016-03-31 22:00:00'),
(937, '47', '30', 'Morbi vestibulum, velit id pretium iaculis, diam erat fermentum justo, nec condimentum neque sapien placerat ante. Nulla justo.', 5, 1, '2015-10-07 22:00:00', '2016-06-18 22:00:00'),
(938, '46', '41', 'Nulla justo. Aliquam quis turpis eget elit sodales scelerisque.', 1, 0, '2015-09-17 22:00:00', '2016-02-27 23:00:00'),
(939, '15', '28', 'Aenean auctor gravida sem.', 4, 0, '2016-04-26 22:00:00', '2015-09-20 22:00:00'),
(940, '18', '2', 'Nam congue, risus semper porta volutpat, quam pede lobortis ligula, sit amet eleifend pede libero quis orci. Nullam molestie nibh in lectus.', 1, 0, '2016-02-10 23:00:00', '2016-04-03 22:00:00'),
(941, '17', '48', 'Morbi porttitor lorem id ligula.', 5, 1, '2016-04-26 22:00:00', '2015-08-22 22:00:00'),
(942, '2', '39', 'Lorem ipsum dolor sit amet, consectetuer adipiscing elit. Proin risus.', 3, 0, '2016-04-13 22:00:00', '2016-06-18 22:00:00'),
(943, '41', '36', 'Lorem ipsum dolor sit amet, consectetuer adipiscing elit. Proin interdum mauris non ligula pellentesque ultrices.', 5, 1, '2016-01-08 23:00:00', '2016-06-30 22:00:00'),
(944, '41', '2', 'Phasellus id sapien in sapien iaculis congue.', 2, 0, '2016-06-10 22:00:00', '2015-11-13 23:00:00'),
(945, '39', '32', 'Nullam porttitor lacus at turpis. Donec posuere metus vitae ipsum.', 5, 1, '2016-01-29 23:00:00', '2016-01-09 23:00:00'),
(946, '9', '41', 'Donec quis orci eget orci vehicula condimentum. Curabitur in libero ut massa volutpat convallis.', 5, 1, '2015-11-07 23:00:00', '2016-05-12 22:00:00'),
(947, '41', '4', 'Sed ante.', 4, 1, '2016-06-27 22:00:00', '2015-12-30 23:00:00'),
(948, '8', '9', 'Quisque porta volutpat erat.', 5, 1, '2015-09-25 22:00:00', '2015-08-22 22:00:00'),
(949, '25', '48', 'Nulla suscipit ligula in lacus.', 2, 1, '2016-06-02 22:00:00', '2016-05-10 22:00:00'),
(950, '35', '49', 'Proin risus. Praesent lectus.', 5, 1, '2015-12-11 23:00:00', '2016-02-26 23:00:00'),
(951, '40', '38', 'Morbi a ipsum.', 3, 0, '2015-12-15 23:00:00', '2016-03-30 22:00:00'),
(952, '14', '25', 'Vivamus in felis eu sapien cursus vestibulum.', 1, 0, '2016-04-13 22:00:00', '2016-05-02 22:00:00'),
(953, '46', '40', 'Aenean auctor gravida sem. Praesent id massa id nisl venenatis lacinia.', 4, 0, '2016-05-02 22:00:00', '2015-08-07 22:00:00'),
(954, '24', '22', 'Nulla tempus.', 5, 1, '2015-09-18 22:00:00', '2015-09-04 22:00:00'),
(955, '18', '45', 'Vestibulum quam sapien, varius ut, blandit non, interdum in, ante. Vestibulum ante ipsum primis in faucibus orci luctus et ultrices posuere cubilia Curae; Duis faucibus accumsan odio.', 1, 1, '2016-07-09 22:00:00', '2016-05-14 22:00:00'),
(956, '14', '11', 'Nulla tempus.', 1, 1, '2016-02-19 23:00:00', '2015-08-17 22:00:00'),
(957, '14', '14', 'Vestibulum ante ipsum primis in faucibus orci luctus et ultrices posuere cubilia Curae; Mauris viverra diam vitae quam. Suspendisse potenti.', 5, 0, '2016-04-05 22:00:00', '2016-01-17 23:00:00'),
(958, '49', '8', 'In sagittis dui vel nisl. Duis ac nibh.', 4, 0, '2015-12-14 23:00:00', '2016-04-17 22:00:00'),
(959, '24', '48', 'Morbi a ipsum. Integer a nibh.', 2, 1, '2016-02-24 23:00:00', '2016-01-31 23:00:00'),
(960, '1', '34', 'Nunc rhoncus dui vel sem.', 4, 0, '2016-05-08 22:00:00', '2016-04-11 22:00:00'),
(961, '22', '47', 'Vivamus tortor.', 4, 1, '2016-06-10 22:00:00', '2015-08-28 22:00:00'),
(962, '7', '36', 'Praesent id massa id nisl venenatis lacinia.', 2, 1, '2015-10-13 22:00:00', '2016-05-01 22:00:00'),
(963, '24', '50', 'Ut at dolor quis odio consequat varius.', 1, 0, '2016-02-11 23:00:00', '2016-03-18 23:00:00'),
(964, '26', '47', 'Duis ac nibh.', 4, 0, '2015-10-25 23:00:00', '2015-10-03 22:00:00'),
(965, '18', '6', 'Aliquam quis turpis eget elit sodales scelerisque. Mauris sit amet eros.', 3, 1, '2016-06-15 22:00:00', '2016-05-30 22:00:00'),
(966, '34', '36', 'Integer non velit. Donec diam neque, vestibulum eget, vulputate ut, ultrices vel, augue.', 1, 0, '2015-10-06 22:00:00', '2015-10-14 22:00:00'),
(967, '37', '21', 'Etiam pretium iaculis justo.', 4, 1, '2016-06-18 22:00:00', '2015-10-15 22:00:00'),
(968, '36', '38', 'Quisque id justo sit amet sapien dignissim vestibulum.', 2, 0, '2015-12-04 23:00:00', '2015-11-19 23:00:00'),
(969, '14', '9', 'Duis bibendum. Morbi non quam nec dui luctus rutrum.', 2, 1, '2015-08-18 22:00:00', '2016-07-22 22:00:00'),
(970, '28', '44', 'Nullam porttitor lacus at turpis. Donec posuere metus vitae ipsum.', 4, 1, '2016-06-02 22:00:00', '2015-11-19 23:00:00'),
(971, '11', '14', 'Morbi a ipsum.', 3, 1, '2016-01-19 23:00:00', '2016-05-29 22:00:00'),
(972, '40', '8', 'Nulla ut erat id mauris vulputate elementum. Nullam varius.', 1, 0, '2015-08-12 22:00:00', '2016-04-06 22:00:00'),
(973, '3', '28', 'Phasellus id sapien in sapien iaculis congue.', 4, 1, '2016-07-01 22:00:00', '2015-11-18 23:00:00'),
(974, '19', '12', 'Nullam molestie nibh in lectus.', 4, 1, '2016-03-17 23:00:00', '2016-01-12 23:00:00'),
(975, '36', '49', 'In hac habitasse platea dictumst.', 4, 0, '2015-08-16 22:00:00', '2016-06-18 22:00:00'),
(976, '43', '24', 'Donec quis orci eget orci vehicula condimentum.', 1, 0, '2015-08-21 22:00:00', '2016-03-11 23:00:00'),
(977, '30', '35', 'Donec ut dolor. Morbi vel lectus in quam fringilla rhoncus.', 2, 1, '2016-06-26 22:00:00', '2016-01-30 23:00:00'),
(978, '15', '20', 'In eleifend quam a odio.', 2, 1, '2016-07-19 22:00:00', '2016-07-07 22:00:00'),
(979, '42', '15', 'Proin leo odio, porttitor id, consequat in, consequat ut, nulla. Sed accumsan felis.', 5, 1, '2016-01-09 23:00:00', '2016-01-03 23:00:00'),
(980, '20', '47', 'Nunc rhoncus dui vel sem.', 3, 0, '2015-10-05 22:00:00', '2015-08-31 22:00:00'),
(981, '24', '9', 'Ut at dolor quis odio consequat varius.', 5, 1, '2016-04-01 22:00:00', '2015-12-03 23:00:00'),
(982, '34', '23', 'Integer aliquet, massa id lobortis convallis, tortor risus dapibus augue, vel accumsan tellus nisi eu orci. Mauris lacinia sapien quis libero.', 5, 1, '2015-09-27 22:00:00', '2015-10-27 23:00:00'),
(983, '12', '1', 'Nullam sit amet turpis elementum ligula vehicula consequat. Morbi a ipsum.', 4, 0, '2015-11-17 23:00:00', '2016-01-31 23:00:00'),
(984, '24', '35', 'Duis at velit eu est congue elementum.', 2, 0, '2016-07-20 22:00:00', '2016-02-04 23:00:00'),
(985, '13', '7', 'Cras pellentesque volutpat dui.', 2, 0, '2015-11-29 23:00:00', '2015-10-25 23:00:00'),
(986, '22', '23', 'Proin risus.', 5, 1, '2016-01-08 23:00:00', '2015-11-26 23:00:00'),
(987, '10', '25', 'Mauris lacinia sapien quis libero. Nullam sit amet turpis elementum ligula vehicula consequat.', 5, 0, '2015-10-24 22:00:00', '2015-10-14 22:00:00'),
(988, '30', '23', 'Cum sociis natoque penatibus et magnis dis parturient montes, nascetur ridiculus mus. Vivamus vestibulum sagittis sapien.', 3, 1, '2015-10-23 22:00:00', '2016-04-05 22:00:00'),
(989, '21', '8', 'Suspendisse potenti.', 4, 0, '2016-02-09 23:00:00', '2015-12-04 23:00:00'),
(990, '48', '30', 'Mauris enim leo, rhoncus sed, vestibulum sit amet, cursus id, turpis. Integer aliquet, massa id lobortis convallis, tortor risus dapibus augue, vel accumsan tellus nisi eu orci.', 3, 1, '2015-10-25 23:00:00', '2015-12-22 23:00:00'),
(991, '14', '21', 'Aliquam erat volutpat. In congue.', 1, 0, '2015-08-20 22:00:00', '2016-03-10 23:00:00'),
(992, '40', '10', 'Aenean sit amet justo. Morbi ut odio.', 1, 0, '2016-05-16 22:00:00', '2016-06-14 22:00:00'),
(993, '10', '6', 'Maecenas pulvinar lobortis est. Phasellus sit amet erat.', 1, 0, '2015-09-30 22:00:00', '2015-10-27 23:00:00'),
(994, '2', '19', 'Donec ut mauris eget massa tempor convallis. Nulla neque libero, convallis eget, eleifend luctus, ultricies eu, nibh.', 3, 1, '2016-01-15 23:00:00', '2016-05-17 22:00:00'),
(995, '40', '28', 'Proin at turpis a pede posuere nonummy. Integer non velit.', 1, 0, '2016-01-21 23:00:00', '2016-06-25 22:00:00'),
(996, '5', '11', 'Fusce consequat. Nulla nisl.', 5, 1, '2016-04-06 22:00:00', '2016-04-24 22:00:00'),
(997, '11', '39', 'Donec odio justo, sollicitudin ut, suscipit a, feugiat et, eros. Vestibulum ac est lacinia nisi venenatis tristique.', 5, 1, '2016-07-03 22:00:00', '2015-12-28 23:00:00'),
(998, '1', '6', 'Praesent blandit.', 5, 1, '2015-12-30 23:00:00', '2015-11-17 23:00:00'),
(999, '37', '21', 'Praesent blandit lacinia erat.', 2, 1, '2015-10-15 22:00:00', '2016-04-03 22:00:00'),
(1000, '33', '7', 'Cras mi pede, malesuada in, imperdiet et, commodo vulputate, justo. In blandit ultrices enim.', 3, 0, '2015-11-30 23:00:00', '2016-07-09 22:00:00');

-- --------------------------------------------------------

--
-- Table structure for table `users`
--

CREATE TABLE IF NOT EXISTS `users` (
  `id` int(11) NOT NULL AUTO_INCREMENT,
  `permalink` varchar(255) NOT NULL,
  `first_name` varchar(30) NOT NULL,
  `last_name` varchar(30) NOT NULL,
  `username` varchar(30) NOT NULL,
  `region` varchar(100) NOT NULL,
  `city` varchar(255) NOT NULL,
  `date_of_birth` varchar(15) NOT NULL,
  `email` varchar(255) NOT NULL,
  `password` varchar(100) NOT NULL,
  `contact1` varchar(20) NOT NULL,
  `contact2` varchar(20) NOT NULL,
  `additional_notes` text NOT NULL,
  `user_info` text NOT NULL,
  `user_group` varchar(50) NOT NULL,
  `image` varchar(255) NOT NULL,
  `remember_token` varchar(255) NOT NULL,
  `published` int(11) NOT NULL DEFAULT '0',
  `created_at` datetime NOT NULL DEFAULT CURRENT_TIMESTAMP,
  `updated_at` datetime NOT NULL DEFAULT CURRENT_TIMESTAMP,
  PRIMARY KEY (`id`)
) ENGINE=InnoDB  DEFAULT CHARSET=utf8 AUTO_INCREMENT=67 ;

--
-- Dumping data for table `users`
--

INSERT INTO `users` (`id`, `permalink`, `first_name`, `last_name`, `username`, `region`, `city`, `date_of_birth`, `email`, `password`, `contact1`, `contact2`, `additional_notes`, `user_info`, `user_group`, `image`, `remember_token`, `published`, `created_at`, `updated_at`) VALUES
(1, 'dino123-c9f0f', 'dino', 'nino', 'dino123', '1', '1', '1.1.1991', 'dino.belegic@gmail.com', '$2y$10$jW/DW44e.Oj/pT5vqYfvOO2KMbcUKTR1mkm3JX1dOTtnJSEcT/MZu', '091142345', '0911234567', '', 'ofjasfasf', 'admin', '1.jpg', 'q3z9bQ35G0KviVuIOMrt7P6xjt7KhpFt5eBptJ8LFL3oA297Mi077MtkHVWn', 1, '2016-07-27 11:57:39', '2016-08-13 14:44:45'),
(4, 'stevo123-a87ff', 'stevo', 'stevic', 'stevo123', '1', '1', '', 'stevo@gmail.com', '$2y$10$Miqu6mEaq2vZk1oWkgNeOe5afeQr67fXzEPxOwwDpCjiqC2N1ZEX.', '', '', '', '', 'user', '2.jpg', 'YWAlAVG1tNPfBvDKFFjzp5XNZZJ0BX8PZrPuHIZqiD8fCJCUYLPpnKM59Wkr', 0, '2016-08-04 10:41:46', '2016-08-08 16:10:57'),
(5, '3c9d38ea-b555-4763-a1f8-a6fb362c838f', 'George', 'Kelly', 'gkelly0', '14', '49', '2015-10-30', 'gkelly0@opensource.org', 'HeVMXjEpz', '505-(423)485-4566', '57-(593)560-4820', 'Aliquam augue quam, sollicitudin vitae, consectetuer eget, rutrum at, lorem.', 'Vivamus metus arcu, adipiscing molestie, hendrerit at, vulputate vitae, nisl. Aenean lectus.', 'user', '7.jpg', '5e71d46b-6fb7-4daa-a44f-658acc4e85ad', 0, '2015-10-11 00:00:00', '2016-01-15 00:00:00'),
(6, 'af19b1eb-46e6-450b-8e45-911807a35b7d', 'Dorothy', 'Perry', 'dperry1', '10', '52', '2015-10-06', 'dperry1@prweb.com', 'woVjZRWffmP', '92-(752)571-2272', '86-(283)173-1139', 'Nunc purus. Phasellus in felis. Donec semper sapien a libero.', 'Donec vitae nisi.', 'user', '3.jpg', 'a1f80611-fd7d-49d2-93e2-47e8a402b798', 1, '2016-07-19 00:00:00', '2016-07-21 00:00:00'),
(7, 'dee75317-d544-446a-ad85-317382b4ab36', 'Alice', 'Knight', 'aknight2', '10', '44', '2015-10-31', 'aknight2@npr.org', '8QgIMN3r', '1-(720)920-5566', '86-(779)884-1901', 'Maecenas tincidunt lacus at velit.', 'Vestibulum ante ipsum primis in faucibus orci luctus et ultrices posuere cubilia Curae; Donec pharetra, magna vestibulum aliquet ultrices, erat tortor sollicitudin mi, sit amet lobortis sapien sapien non mi. Integer ac neque.', 'user', '6.jpg', '02bf9054-9122-4a21-9332-766d54185a93', 0, '2015-08-16 00:00:00', '2016-07-18 00:00:00'),
(8, '1de57445-6869-44e3-beaa-02074bbc8aa5', 'Ruby', 'Watson', 'rwatson3', '11', '4', '2015-10-04', 'rwatson3@xing.com', 'PkcWwaZnpN8', '52-(867)496-9424', '84-(520)233-3017', 'Suspendisse potenti.', 'Morbi quis tortor id nulla ultrices aliquet.', 'user', '1.jpg', '4070da4f-152b-4966-a17a-62ae90147bab', 0, '2016-05-22 00:00:00', '2015-10-22 00:00:00'),
(9, '8c836048-8133-428b-917b-cb1bd611bfc0', 'Virginia', 'Powell', 'vpowell4', '6', '75', '2016-02-29', 'vpowell4@artisteer.com', 'QkjyBya7KHs1', '27-(184)234-8295', '357-(308)501-7722', 'Donec odio justo, sollicitudin ut, suscipit a, feugiat et, eros.', 'Nam ultrices, libero non mattis pulvinar, nulla pede ullamcorper augue, a suscipit nulla elit ac nulla.', 'user', '6.jpg', 'b51ccf07-e7eb-45ab-95c7-0869864057c5', 0, '2016-06-19 00:00:00', '2016-05-26 00:00:00'),
(10, '9a6d5423-0f10-4ea0-b822-d1f6670a001c', 'Ashley', 'Garrett', 'agarrett5', '9', '120', '2015-10-18', 'agarrett5@bloomberg.com', '8HK524vwu', '1-(310)909-2352', '7-(109)945-8258', 'Pellentesque eget nunc.', 'Maecenas leo odio, condimentum id, luctus nec, molestie sed, justo. Pellentesque viverra pede ac diam. Cras pellentesque volutpat dui.', 'user', '5.jpg', '8258cb47-7b35-4fb7-9503-67ba40ac9352', 0, '2016-01-06 00:00:00', '2015-09-25 00:00:00'),
(11, '43f8d48e-8464-4dae-9bf9-7224ad640fbf', 'Marilyn', 'Lopez', 'mlopez6', '14', '44', '2016-03-15', 'mlopez6@pbs.org', 'bvvyg1ly8', '689-(389)354-3288', '86-(289)962-4079', 'Vivamus metus arcu, adipiscing molestie, hendrerit at, vulputate vitae, nisl. Aenean lectus. Pellentesque eget nunc.', 'Morbi vestibulum, velit id pretium iaculis, diam erat fermentum justo, nec condimentum neque sapien placerat ante. Nulla justo. Aliquam quis turpis eget elit sodales scelerisque.', 'user', '1.jpg', '9f214543-dab1-44a2-8efa-fcf5b9d4447d', 0, '2016-03-20 00:00:00', '2015-08-25 00:00:00'),
(12, '8d5d7887-6c2f-4fb4-98e5-6d197171ad34', 'Jane', 'Murray', 'jmurray7', '7', '6', '2016-02-14', 'jmurray7@youtu.be', 'xY0tRKCVARFz', '7-(967)895-5879', '55-(177)379-4454', 'Sed ante. Vivamus tortor. Duis mattis egestas metus.', 'Morbi ut odio. Cras mi pede, malesuada in, imperdiet et, commodo vulputate, justo. In blandit ultrices enim.', 'user', '4.jpg', '00d3b0ae-2915-4c4a-a3fc-44020e845a51', 0, '2015-11-16 00:00:00', '2016-03-12 00:00:00'),
(13, '322b4985-aa87-492c-b50b-f55336207402', 'Jason', 'Washington', 'jwashington8', '3', '121', '2016-03-01', 'jwashington8@1und1.de', 'bE1iFMV83oi', '86-(951)228-0955', '371-(986)845-1574', 'Ut at dolor quis odio consequat varius.', 'Integer ac leo. Pellentesque ultrices mattis odio.', 'user', '6.jpg', '86bdb51a-7870-41c7-bf92-2928a1992dd3', 1, '2016-06-20 00:00:00', '2016-06-20 00:00:00'),
(14, '1edd2f7f-1922-4814-a857-592b7ed4034e', 'Richard', 'Mitchell', 'rmitchell9', '12', '37', '2015-09-04', 'rmitchell9@wsj.com', 'BNQJA7r', '1-(968)560-9030', '380-(233)600-7680', 'Lorem ipsum dolor sit amet, consectetuer adipiscing elit. Proin risus.', 'Duis consequat dui nec nisi volutpat eleifend. Donec ut dolor.', 'user', '8.jpg', 'b04adb6c-1786-4cfd-8529-0345cde90b49', 0, '2016-06-02 00:00:00', '2015-12-12 00:00:00'),
(15, '396579cb-f4a6-437b-8798-cdafcc43056f', 'Marilyn', 'Snyder', 'msnydera', '7', '73', '2016-07-02', 'msnydera@dmoz.org', '3jenug1FrqCJ', '86-(687)360-8071', '52-(165)909-7101', 'Pellentesque viverra pede ac diam. Cras pellentesque volutpat dui.', 'Aliquam erat volutpat. In congue. Etiam justo.', 'user', '6.jpg', '1feb784d-302f-4f26-95b8-fe42bdcff9b1', 1, '2015-10-28 00:00:00', '2016-05-17 00:00:00'),
(16, 'db605d24-0f26-4cd0-a446-282a4f4560e6', 'Justin', 'Reed', 'jreedb', '13', '59', '2016-04-19', 'jreedb@ted.com', 'Q0CkLjk9dtbC', '86-(251)673-4220', '973-(514)936-8114', 'Nullam molestie nibh in lectus.', 'Morbi non lectus. Aliquam sit amet diam in magna bibendum imperdiet. Nullam orci pede, venenatis non, sodales sed, tincidunt eu, felis.', 'user', '1.jpg', 'eda8fed7-da7d-4514-a7aa-8bbbd173dd98', 0, '2016-03-27 00:00:00', '2016-02-15 00:00:00'),
(17, '884592b3-6056-4c06-a182-be811f66fcd1', 'Timothy', 'Ford', 'tfordc', '20', '119', '2016-05-31', 'tfordc@mayoclinic.com', 'f6m56lXKj', '55-(706)739-8755', '387-(274)315-7515', 'Curabitur in libero ut massa volutpat convallis. Morbi odio odio, elementum eu, interdum eu, tincidunt in, leo.', 'In est risus, auctor sed, tristique in, tempus sit amet, sem. Fusce consequat. Nulla nisl.', 'user', '5.jpg', 'e5d32183-1ebb-47e3-aebe-2cae7c42b31d', 1, '2016-03-01 00:00:00', '2016-08-05 00:00:00'),
(18, '81f13ef6-aa48-42b0-87ac-355bbbdb5859', 'Sara', 'Hanson', 'shansond', '1', '10', '2015-11-13', 'shansond@shinystat.com', 'AN1R1pPwAXx', '86-(243)357-7889', '63-(954)375-9267', 'Integer non velit. Donec diam neque, vestibulum eget, vulputate ut, ultrices vel, augue. Vestibulum ante ipsum primis in faucibus orci luctus et ultrices posuere cubilia Curae; Donec pharetra, magna vestibulum aliquet ultrices, erat tortor sollicitudin mi, sit amet lobortis sapien sapien non mi.', 'Duis consequat dui nec nisi volutpat eleifend. Donec ut dolor. Morbi vel lectus in quam fringilla rhoncus.', 'user', '7.jpg', 'ce63076a-a30b-4703-b536-8ea2816d059c', 1, '2016-04-01 00:00:00', '2015-12-29 00:00:00'),
(19, '1bb5968d-a3ce-4c6f-854a-28baf8792843', 'Amy', 'Harper', 'aharpere', '14', '19', '2015-10-29', 'aharpere@discuz.net', '9KaPMhG7', '62-(103)904-6048', '1-(378)929-5434', 'Morbi vel lectus in quam fringilla rhoncus.', 'Quisque porta volutpat erat.', 'user', '7.jpg', 'fe858840-e367-4a17-88ad-01b7ce9fc384', 0, '2016-04-27 00:00:00', '2016-02-28 00:00:00'),
(20, '28392b94-3c38-4f39-bca2-55d3e9bada0d', 'Lawrence', 'Ward', 'lwardf', '21', '72', '2015-10-10', 'lwardf@wp.com', 'YCiRlLn', '351-(338)321-0178', '356-(887)702-2603', 'Integer pede justo, lacinia eget, tincidunt eget, tempus vel, pede.', 'Morbi ut odio.', 'user', '2.jpg', '3504334f-8d16-40f0-ae77-eb60c50f325d', 0, '2015-09-11 00:00:00', '2016-03-15 00:00:00'),
(21, '538c3cbd-7e1a-48c9-8d5a-ec0312249738', 'Jason', 'Mills', 'jmillsg', '5', '43', '2015-11-10', 'jmillsg@nytimes.com', 'bxxtlqlkBd', '354-(386)200-5041', '998-(993)263-0421', 'Vestibulum ante ipsum primis in faucibus orci luctus et ultrices posuere cubilia Curae; Duis faucibus accumsan odio.', 'Sed ante. Vivamus tortor.', 'user', '6.jpg', '198603dd-1d80-4055-9367-421632e78a87', 0, '2016-02-19 00:00:00', '2016-05-15 00:00:00'),
(22, '115ee810-a084-4702-ae24-e4e5a8d6893e', 'Stephanie', 'Nguyen', 'snguyenh', '17', '23', '2016-06-27', 'snguyenh@icio.us', 'xownedG7lgN', '66-(967)159-5221', '86-(510)311-5828', 'Morbi non lectus.', 'Duis at velit eu est congue elementum.', 'user', '5.jpg', 'b5f4f7a4-df8d-4a6f-934a-f3ed9df339f9', 0, '2016-03-06 00:00:00', '2016-03-08 00:00:00'),
(23, '412b7afa-dc7d-41ad-b1dc-2d28e3ea24d7', 'Judy', 'Wallace', 'jwallacei', '2', '116', '2016-03-15', 'jwallacei@freewebs.com', 'pqmksohIns', '63-(395)374-6820', '351-(666)733-2040', 'Vestibulum quam sapien, varius ut, blandit non, interdum in, ante. Vestibulum ante ipsum primis in faucibus orci luctus et ultrices posuere cubilia Curae; Duis faucibus accumsan odio.', 'In tempor, turpis nec euismod scelerisque, quam turpis adipiscing lorem, vitae mattis nibh ligula nec sem. Duis aliquam convallis nunc. Proin at turpis a pede posuere nonummy.', 'user', '8.jpg', 'f86aa7bd-d629-41c0-9cc6-8996e43ad4e1', 1, '2015-10-28 00:00:00', '2016-02-14 00:00:00'),
(24, 'dc152ac5-fc5d-4ece-a05b-c34908be42d8', 'Patricia', 'Wagner', 'pwagnerj', '6', '27', '2015-10-04', 'pwagnerj@google.it', '8ry9A7id', '58-(976)421-1045', '62-(979)753-5895', 'Sed sagittis. Nam congue, risus semper porta volutpat, quam pede lobortis ligula, sit amet eleifend pede libero quis orci. Nullam molestie nibh in lectus.', 'Integer pede justo, lacinia eget, tincidunt eget, tempus vel, pede. Morbi porttitor lorem id ligula. Suspendisse ornare consequat lectus.', 'user', '5.jpg', '91d05b8a-7bab-4a4d-af31-11d1cde06e68', 0, '2016-04-21 00:00:00', '2016-08-04 00:00:00'),
(25, '296171b0-4426-456f-a36a-20d6f5af976b', 'Jeffrey', 'Ferguson', 'jfergusonk', '11', '59', '2016-07-24', 'jfergusonk@wsj.com', 'NmgAgXq', '357-(577)944-4081', '55-(989)258-1612', 'Quisque id justo sit amet sapien dignissim vestibulum. Vestibulum ante ipsum primis in faucibus orci luctus et ultrices posuere cubilia Curae; Nulla dapibus dolor vel est.', 'Etiam vel augue. Vestibulum rutrum rutrum neque.', 'user', '5.jpg', '5d625fde-6e3d-422f-a56f-bf5607455bb7', 1, '2016-03-17 00:00:00', '2016-03-09 00:00:00'),
(26, 'bd41214f-359e-4ae8-9920-b829d36ab706', 'Dennis', 'Sanders', 'dsandersl', '12', '99', '2016-05-10', 'dsandersl@redcross.org', 'sftmAgNxX4F', '86-(354)654-0052', '86-(600)192-6847', 'Vivamus in felis eu sapien cursus vestibulum.', 'Maecenas pulvinar lobortis est. Phasellus sit amet erat. Nulla tempus.', 'user', '4.jpg', '7f7fb35c-d95f-4e82-9b3e-d65f891ce152', 1, '2016-04-06 00:00:00', '2016-01-11 00:00:00'),
(27, 'ebe78f3b-f257-4b90-a938-a63fa2f4cb06', 'Patrick', 'Moore', 'pmoorem', '15', '127', '2016-02-21', 'pmoorem@nature.com', 'FMA6uH8PO', '86-(612)164-0354', '39-(627)880-4615', 'Duis at velit eu est congue elementum. In hac habitasse platea dictumst. Morbi vestibulum, velit id pretium iaculis, diam erat fermentum justo, nec condimentum neque sapien placerat ante.', 'Integer aliquet, massa id lobortis convallis, tortor risus dapibus augue, vel accumsan tellus nisi eu orci.', 'user', '4.jpg', 'c8516dd2-d6cc-45c1-9d42-2c41214dd6f6', 1, '2016-01-15 00:00:00', '2016-07-27 00:00:00'),
(28, '5731dea6-6b9f-4287-aa86-95b890ef790c', 'Linda', 'Perkins', 'lperkinsn', '12', '77', '2016-05-12', 'lperkinsn@squarespace.com', 'fS2NMtLxo', '86-(556)991-7582', '30-(434)171-6252', 'Duis bibendum. Morbi non quam nec dui luctus rutrum.', 'Maecenas rhoncus aliquam lacus. Morbi quis tortor id nulla ultrices aliquet.', 'user', '3.jpg', '53c079aa-8802-459f-9c87-137217a3c63e', 1, '2016-01-29 00:00:00', '2016-07-15 00:00:00'),
(29, '8d7af7a3-1ceb-46f0-825d-2dec29e38d6f', 'Lillian', 'Russell', 'lrussello', '4', '93', '2016-05-11', 'lrussello@networksolutions.com', 'DNSguAE1xcdG', '86-(417)508-4769', '66-(541)912-6441', 'Morbi odio odio, elementum eu, interdum eu, tincidunt in, leo.', 'Suspendisse ornare consequat lectus. In est risus, auctor sed, tristique in, tempus sit amet, sem. Fusce consequat.', 'user', '3.jpg', '31777328-b7c2-40f8-b3fd-1c65a1fa7c4f', 0, '2016-07-12 00:00:00', '2016-02-04 00:00:00'),
(30, '59f4095c-1892-4f32-8766-18b6b6f1545f', 'Kathleen', 'Fernandez', 'kfernandezp', '20', '10', '2016-06-04', 'kfernandezp@yale.edu', 'nvJwCc1B1VI', '63-(138)474-7583', '62-(493)490-3618', 'Duis ac nibh. Fusce lacus purus, aliquet at, feugiat non, pretium quis, lectus.', 'In tempor, turpis nec euismod scelerisque, quam turpis adipiscing lorem, vitae mattis nibh ligula nec sem. Duis aliquam convallis nunc.', 'user', '3.jpg', 'c073c324-505a-4a4b-8587-c50c28eb7d4d', 1, '2015-10-24 00:00:00', '2015-09-15 00:00:00'),
(31, 'b1bebc08-6b5b-4283-8453-d7f7b3d506f3', 'Deborah', 'Austin', 'daustinq', '14', '40', '2015-12-22', 'daustinq@plala.or.jp', 'lce7i4IimrV', '63-(793)901-8456', '7-(309)967-4554', 'Duis bibendum. Morbi non quam nec dui luctus rutrum.', 'In blandit ultrices enim. Lorem ipsum dolor sit amet, consectetuer adipiscing elit. Proin interdum mauris non ligula pellentesque ultrices.', 'user', '8.jpg', '8da45254-ff2e-441b-a168-3b5bf03d3680', 1, '2016-06-14 00:00:00', '2016-06-25 00:00:00'),
(32, 'e73c74fd-cfe8-4223-aeac-7473cdc8280d', 'Rebecca', 'Austin', 'raustinr', '5', '34', '2015-10-10', 'raustinr@github.com', 'TCwPmUyo5UB7', '33-(129)653-6742', '63-(801)696-0989', 'Suspendisse potenti. In eleifend quam a odio. In hac habitasse platea dictumst.', 'In quis justo.', 'user', '4.jpg', 'ce6cac48-f77a-4115-97e6-5db0e038f5e0', 0, '2016-03-26 00:00:00', '2016-03-25 00:00:00'),
(33, 'f1e8507f-b1a5-4c39-97dc-b862054e2172', 'Steven', 'Turner', 'sturners', '9', '45', '2016-06-07', 'sturners@zimbio.com', 'z6ehOfSbHvkX', '504-(186)549-7316', '7-(267)222-6213', 'Proin at turpis a pede posuere nonummy. Integer non velit.', 'Integer ac leo. Pellentesque ultrices mattis odio.', 'user', '6.jpg', 'ef7e7d42-1e01-455b-afed-5818edac0cb2', 1, '2015-09-15 00:00:00', '2015-08-30 00:00:00'),
(34, '1f4618ca-8920-4101-a876-bacaf990a91d', 'Wanda', 'Franklin', 'wfranklint', '14', '53', '2016-08-04', 'wfranklint@earthlink.net', 'UuZ2jT6Zr', '255-(148)934-8580', '60-(340)537-4640', 'In hac habitasse platea dictumst. Aliquam augue quam, sollicitudin vitae, consectetuer eget, rutrum at, lorem. Integer tincidunt ante vel ipsum.', 'Nam congue, risus semper porta volutpat, quam pede lobortis ligula, sit amet eleifend pede libero quis orci. Nullam molestie nibh in lectus. Pellentesque at nulla.', 'user', '5.jpg', '59d19e1c-f132-494c-a481-b81443c9ad7c', 0, '2016-05-03 00:00:00', '2015-11-14 00:00:00'),
(35, 'b7936489-a9fc-4963-bd5c-e604a104f531', 'Patrick', 'Kelley', 'pkelleyu', '17', '2', '2015-11-17', 'pkelleyu@telegraph.co.uk', 'vOO2NmsWj', '36-(821)966-6246', '371-(569)958-5893', 'Suspendisse ornare consequat lectus. In est risus, auctor sed, tristique in, tempus sit amet, sem.', 'In tempor, turpis nec euismod scelerisque, quam turpis adipiscing lorem, vitae mattis nibh ligula nec sem. Duis aliquam convallis nunc. Proin at turpis a pede posuere nonummy.', 'user', '2.jpg', 'd5e35e82-aeb7-4735-8d93-05d1ed8b0e09', 1, '2016-04-21 00:00:00', '2016-01-02 00:00:00'),
(36, '7dea956a-acaa-4d9b-910e-c74427e8238c', 'Rebecca', 'Day', 'rdayv', '3', '29', '2016-05-22', 'rdayv@dedecms.com', 'pLtyMV', '33-(692)151-3401', '62-(964)656-4926', 'Donec diam neque, vestibulum eget, vulputate ut, ultrices vel, augue. Vestibulum ante ipsum primis in faucibus orci luctus et ultrices posuere cubilia Curae; Donec pharetra, magna vestibulum aliquet ultrices, erat tortor sollicitudin mi, sit amet lobortis sapien sapien non mi.', 'Nam dui.', 'user', '2.jpg', '1e789146-c451-4ca5-845d-52f25f1d7d58', 0, '2016-08-01 00:00:00', '2015-09-29 00:00:00'),
(37, '2bf9d917-1196-48d1-8c7a-c4ba6c0a381b', 'Ruth', 'Young', 'ryoungw', '7', '108', '2015-11-30', 'ryoungw@weebly.com', 'hV1aGWg6Wdq', '33-(791)128-4722', '86-(591)743-1605', 'Curabitur gravida nisi at nibh. In hac habitasse platea dictumst.', 'Aenean fermentum.', 'user', '5.jpg', '593b0e69-02e6-44f0-80db-d1f0dab1b34b', 0, '2015-10-03 00:00:00', '2015-10-15 00:00:00'),
(38, 'b70c7900-6664-4944-985c-ed17f2cd213f', 'Peter', 'Reyes', 'preyesx', '1', '120', '2016-05-13', 'preyesx@bloomberg.com', '4XroO0cI', '66-(263)574-0727', '62-(581)292-4963', 'Maecenas leo odio, condimentum id, luctus nec, molestie sed, justo.', 'Duis aliquam convallis nunc. Proin at turpis a pede posuere nonummy. Integer non velit.', 'user', '2.jpg', '1065fb20-a19b-42b7-9313-6ff57bf41be7', 0, '2016-01-29 00:00:00', '2015-12-09 00:00:00'),
(39, '67e5f9f7-c2b5-4842-81d9-8097e11fd92b', 'Larry', 'Henry', 'lhenryy', '11', '61', '2015-08-04', 'lhenryy@zimbio.com', '3thpTVB4xXjR', '7-(362)268-2290', '46-(655)331-7884', 'Nulla facilisi. Cras non velit nec nisi vulputate nonummy.', 'In quis justo. Maecenas rhoncus aliquam lacus. Morbi quis tortor id nulla ultrices aliquet.', 'user', '5.jpg', 'be371aa0-ecef-44ff-913e-63432100077a', 1, '2016-07-17 00:00:00', '2016-04-10 00:00:00'),
(40, 'd4c70775-c80d-427f-a786-305a45a0a78e', 'Nicole', 'Robertson', 'nrobertsonz', '4', '86', '2016-02-07', 'nrobertsonz@cnbc.com', 'J9oasi', '86-(174)374-7972', '95-(818)679-0379', 'Vivamus metus arcu, adipiscing molestie, hendrerit at, vulputate vitae, nisl. Aenean lectus.', 'Aliquam quis turpis eget elit sodales scelerisque. Mauris sit amet eros. Suspendisse accumsan tortor quis turpis.', 'user', '3.jpg', 'c0b600af-00df-492f-8482-8f25b4f1da5c', 1, '2016-03-03 00:00:00', '2016-06-22 00:00:00'),
(41, 'b44ecd03-622d-4d81-88a0-22944bb33a84', 'Janice', 'Snyder', 'jsnyder10', '4', '83', '2016-02-10', 'jsnyder10@creativecommons.org', 's1gYhKkW80u', '420-(760)512-4928', '33-(969)329-4046', 'Vestibulum ante ipsum primis in faucibus orci luctus et ultrices posuere cubilia Curae; Nulla dapibus dolor vel est.', 'Quisque ut erat. Curabitur gravida nisi at nibh.', 'user', '8.jpg', '3010a35c-9852-4767-9e4f-c6a5796045e8', 1, '2016-04-26 00:00:00', '2015-08-14 00:00:00'),
(42, '8f38c32a-ef59-4f50-bc65-83b89fab9e8f', 'Wanda', 'Graham', 'wgraham11', '4', '123', '2015-09-03', 'wgraham11@redcross.org', '5r9oUpdGng', '420-(376)276-1933', '353-(281)162-7306', 'Pellentesque viverra pede ac diam. Cras pellentesque volutpat dui.', 'Mauris enim leo, rhoncus sed, vestibulum sit amet, cursus id, turpis. Integer aliquet, massa id lobortis convallis, tortor risus dapibus augue, vel accumsan tellus nisi eu orci.', 'user', '6.jpg', '604394d1-d374-44eb-9e2d-e5f22181960a', 1, '2016-04-03 00:00:00', '2016-02-14 00:00:00'),
(43, 'fc0bbcc8-a371-4e4e-a27e-d27f133dc6a7', 'Edward', 'Kelly', 'ekelly12', '13', '118', '2016-01-22', 'ekelly12@pinterest.com', 'ZrnuOh', '20-(125)918-6560', '7-(520)836-5665', 'Donec vitae nisi. Nam ultrices, libero non mattis pulvinar, nulla pede ullamcorper augue, a suscipit nulla elit ac nulla. Sed vel enim sit amet nunc viverra dapibus.', 'Proin at turpis a pede posuere nonummy. Integer non velit. Donec diam neque, vestibulum eget, vulputate ut, ultrices vel, augue.', 'user', '4.jpg', '1fe7584d-8efd-465e-90e9-cf93fe25ff6f', 0, '2015-08-10 00:00:00', '2015-12-20 00:00:00'),
(44, 'afb0a161-cc30-4e3b-a9eb-0e2e5e9d92f7', 'Louis', 'Wood', 'lwood13', '9', '78', '2015-11-17', 'lwood13@wordpress.org', 'RqMO0SaD', '47-(937)172-3286', '7-(893)776-1206', 'Etiam faucibus cursus urna.', 'Mauris enim leo, rhoncus sed, vestibulum sit amet, cursus id, turpis. Integer aliquet, massa id lobortis convallis, tortor risus dapibus augue, vel accumsan tellus nisi eu orci.', 'user', '3.jpg', '4c297867-b28e-43c9-ab0d-a3f73831f6ff', 0, '2015-10-12 00:00:00', '2015-10-20 00:00:00'),
(45, '8b969fd1-0ed2-4d24-8d39-73ab0385a0af', 'Joseph', 'Gibson', 'jgibson14', '19', '123', '2016-04-25', 'jgibson14@fc2.com', 'S5BxvFVA', '62-(497)106-4016', '81-(542)507-5358', 'Nulla ut erat id mauris vulputate elementum.', 'Donec dapibus. Duis at velit eu est congue elementum. In hac habitasse platea dictumst.', 'user', '7.jpg', '3f4bb153-08f5-4795-81fc-4a4da8df07ee', 1, '2016-06-09 00:00:00', '2015-08-19 00:00:00'),
(46, 'c68713b6-ac38-475a-b768-013576c03bde', 'Jonathan', 'Chavez', 'jchavez15', '19', '5', '2016-01-17', 'jchavez15@si.edu', 'Tns7j6X', '62-(582)882-6237', '998-(685)219-5667', 'Donec dapibus. Duis at velit eu est congue elementum.', 'Donec semper sapien a libero.', 'user', '2.jpg', 'a65146b0-89e4-48d7-b912-d2e861c42f51', 0, '2016-02-20 00:00:00', '2016-06-26 00:00:00'),
(47, '91cafd30-9f87-4b0b-b41b-83f282d5d454', 'Willie', 'Cox', 'wcox16', '7', '127', '2016-06-10', 'wcox16@ebay.com', 'lL3jF8XkJaax', '375-(751)729-7504', '51-(210)590-2703', 'Quisque erat eros, viverra eget, congue eget, semper rutrum, nulla. Nunc purus.', 'Aliquam quis turpis eget elit sodales scelerisque. Mauris sit amet eros.', 'user', '2.jpg', '7471db99-6b2f-4271-b6c6-adbb722804b5', 0, '2015-12-23 00:00:00', '2016-08-05 00:00:00'),
(48, '8689eb2c-9c3f-4de1-90cc-f6cb2a4016d4', 'Ruth', 'Rice', 'rrice17', '18', '21', '2016-02-05', 'rrice17@mysql.com', 'gfHnA4', '86-(753)865-1170', '7-(179)756-2827', 'In tempor, turpis nec euismod scelerisque, quam turpis adipiscing lorem, vitae mattis nibh ligula nec sem. Duis aliquam convallis nunc.', 'Pellentesque viverra pede ac diam. Cras pellentesque volutpat dui. Maecenas tristique, est et tempus semper, est quam pharetra magna, ac consequat metus sapien ut nunc.', 'user', '1.jpg', '9befaed2-7942-4c10-b663-dff629a3c4d0', 1, '2016-01-29 00:00:00', '2015-11-29 00:00:00'),
(49, 'a68d22cc-0e2e-41a6-9522-7241e502c510', 'Gerald', 'Franklin', 'gfranklin18', '20', '47', '2016-03-02', 'gfranklin18@over-blog.com', 'xMfbvuvNh7jS', '63-(303)818-1354', '55-(598)765-3843', 'Maecenas tristique, est et tempus semper, est quam pharetra magna, ac consequat metus sapien ut nunc. Vestibulum ante ipsum primis in faucibus orci luctus et ultrices posuere cubilia Curae; Mauris viverra diam vitae quam.', 'Integer non velit.', 'user', '3.jpg', '3ca2b47b-3f5f-40b1-a681-17e7d43c65bc', 1, '2015-11-03 00:00:00', '2016-02-05 00:00:00'),
(50, '8a6c1c67-f3a2-494d-8f72-1d586f66d2a9', 'Ruth', 'Watkins', 'rwatkins19', '12', '56', '2016-03-08', 'rwatkins19@cdc.gov', 'Hp8zxu', '33-(468)737-8953', '86-(800)321-9527', 'Aliquam sit amet diam in magna bibendum imperdiet. Nullam orci pede, venenatis non, sodales sed, tincidunt eu, felis.', 'Nulla justo.', 'user', '4.jpg', '8209bd9a-868c-4309-af62-40a13c16c664', 0, '2015-11-27 00:00:00', '2016-01-16 00:00:00'),
(51, '92d041d6-929b-4210-a23f-31d843724b28', 'Ronald', 'Robertson', 'rrobertson1a', '10', '78', '2015-12-05', 'rrobertson1a@woothemes.com', 'VjSAMBBJgY0B', '86-(819)193-8134', '62-(249)575-5066', 'Curabitur gravida nisi at nibh.', 'Quisque ut erat. Curabitur gravida nisi at nibh. In hac habitasse platea dictumst.', 'user', '7.jpg', 'fe113ae7-9ab4-4704-9a56-ad7982464188', 1, '2015-12-08 00:00:00', '2015-12-19 00:00:00'),
(52, '597a6ef4-69b9-41e8-93c6-fa605934891b', 'Melissa', 'Oliver', 'moliver1b', '6', '121', '2015-11-17', 'moliver1b@discuz.net', 'pUUF5G59', '62-(444)928-8171', '1-(402)703-6772', 'Suspendisse potenti. Nullam porttitor lacus at turpis.', 'Praesent id massa id nisl venenatis lacinia. Aenean sit amet justo.', 'user', '7.jpg', '40e6bd31-7c58-49b8-ba4a-0278a9ce3517', 0, '2016-03-04 00:00:00', '2016-07-04 00:00:00'),
(53, '23597fa5-67bc-43db-b9af-85cd216c59c1', 'Richard', 'Washington', 'rwashington1c', '20', '112', '2015-08-19', 'rwashington1c@angelfire.com', 'm4KCO2rw', '86-(238)288-5173', '63-(771)121-9519', 'Phasellus in felis. Donec semper sapien a libero.', 'Donec ut mauris eget massa tempor convallis.', 'user', '8.jpg', '25d018b6-dbfa-46cf-9986-a4e180444e0f', 1, '2016-02-26 00:00:00', '2016-06-05 00:00:00'),
(54, '6a1cdf05-8e9d-4e7f-856a-7ad5c93e5bd6', 'Justin', 'Gardner', 'jgardner1d', '16', '10', '2016-04-28', 'jgardner1d@imgur.com', 'SdZvFMwKdex', '269-(447)567-9359', '93-(744)248-2084', 'Sed ante. Vivamus tortor. Duis mattis egestas metus.', 'Integer non velit.', 'user', '3.jpg', '6e8e2e7c-28be-49e6-8866-a7a557c4fd6a', 1, '2016-07-05 00:00:00', '2016-01-16 00:00:00'),
(55, '', 'ime', 'Prezime', 'korisnickoime', '1', '1', '1.1.1991.', 'email@gmail.com', '$2y$10$BZHoYj8XlnEBbryKW30kCuE4g/gRfKkInOeR6r3lXuN1jh82uNnSi', '123456', '654321', 'dodatne biljeske', 'info o korisniku', '', 'ime-Prezime-c4ca4-2016-08-13.jpg', '', 0, '2016-08-13 14:56:14', '2016-08-13 14:56:14'),
(56, '', 'imedrugo', 'prezimedruog', 'korisniko', '1', '1', '1.1.1991.', 'email@email.com', '$2y$10$cv80Uf7YCRxKe7SJteReQ.FoDFD1VEujgStMqD6dMoh5b4/r5j952', '123456', '6514321', 'dodatne blielje', 'info o korisni', '', '', '', 0, '2016-08-13 15:00:11', '2016-08-13 15:00:11'),
(57, '', 'ivana', 'ivanic', 'ivancica', '1', '1', '1.1.1111.', 'ivana1@gmail.com', '$2y$10$gzNzkTAzqqSnYQ8EN8PzXeEFwgGyDRDlhA05gmgwQ25ia0cdUHHEK', '123654', '321456', 'bla blabla', 'bla bla', '', 'ivana-ivanic-16790-2016-08-13.jpg', '', 1, '2016-08-13 15:05:56', '2016-08-13 15:05:56'),
(58, '', 'ivana', 'ivanic', 'ivancica', '1', '1', '1.1.1111.', 'ivana1@gmail.com', '$2y$10$i9OYkGeqW7e50FQAUHhy3Ogv5dqImUKjAMd5zxz68dPk.qQcpxAR2', '123654', '321456', 'bla blabla', 'bla bla', '', 'ivana-ivanic-45c48-2016-08-13.jpg', '', 1, '2016-08-13 15:06:17', '2016-08-13 15:06:17'),
(59, '', 'ivana', 'ivanic', 'ivancica', '1', '1', '1.1.1111.', 'ivana1@gmail.com', '$2y$10$CnVm5Vz4kCMkifhNWLD8beQJme4Ih98wnERd0XYAJoK/qLjkpa3vW', '123654', '321456', 'bla blabla', 'bla bla', '', 'ivana-ivanic-a87ff-2016-08-13.jpg', '', 1, '2016-08-13 15:06:34', '2016-08-13 15:06:34'),
(60, 'stokic123-e4da3', 'stoka', 'stokic', 'stokic123', '1', '1', '', 'stokic@gmail.com', '$2y$10$dkFMwPDW4tIZB9a8bg556OtzsRWJg37ABvjjqUzADEm.ywXuffdyG', '', '', '', '', '', '', 'AQZkzIu8YSh0I6vlrStBmAk9Bq5u5WlDBsD5keeyWE5QKJXNq8i8NRDPPrVT', 0, '2016-08-13 15:08:41', '2016-08-13 18:44:40'),
(61, 'dinonini-e4da3', 'safafaf', 'safsdfdsfds', 'dinonini', '1', '1', '1.1.1111.', 'dasjufas@gmail.com', '$2y$10$d5OjylCpleD7da8bF64Kpe7hKpmED5ZnuSE3xn82an28PTvJy9dwe', '123456', '123456', 'asfasfasfas', 'asfasfasfasfa', '', '', '', 0, '2016-08-13 15:15:56', '2016-08-13 15:15:56'),
(62, 'fasfasfasf-45c48', 'sfaasfasf', 'asfasfasfas', 'fasfasfasf', '1', '1', '1.1.1111.', 'sfaasfasf@gmail.com', '$2y$10$h6UXoSX.PpMUpxssicwk7OPcLBtrFy1wXpLuuYJc30YGifpevkA1G', '321654', '123654', 'asfasfas', 'fasasfasfsa', '', '', '', 0, '2016-08-13 15:16:53', '2016-08-13 15:16:53'),
(63, 'sdgasgas-c4ca4', 'dsgaasdgasd', 'asdgasgasdg', 'sdgasgas', '1', '1', '1.1.1111.', 'emial.com', '$2y$10$U.w2EgWWA3J7kVFQpe6okuDyTECN8sZxrwdKS3zlvMsR4nnC5fRZq', '321564', '132456', 'dsgasdgasg', 'asdgasgasg', '', '', '', 0, '2016-08-13 15:29:19', '2016-08-13 15:29:19'),
(64, 'fasfasf-c81e7', 'fsafasf', 'asfasfa', 'fasfasf', '1', '1', '1.1.1919.', 'email.coim', '$2y$10$6BFLpZ9xbQFtGyu.7oZ/G.djVDWcTjgPRi0hX2ICZQDFwx/lgJdPu', '123', '123', 'asfasfas', 'fasfasfasf', '', '', '', 0, '2016-08-13 15:30:10', '2016-08-13 15:30:10'),
(65, 'asfasf-16790', 'fasfasf', 'asfasf', 'asfasf', '1', '1', '1.1.1111.', 'asfasf@mail.com', '$2y$10$Hi3GYYAr9lD32D3y2DZja.Uwl9SYvhJWaPOxXMhqd4tUEB5c4RE9G', '132', '132', 'asfasfas', 'fasfasfasfas', '', 'fasfasf-asfasf-a87ff-2016-08-13.jpg', '', 0, '2016-08-13 15:31:47', '2016-08-13 15:31:47'),
(66, 'ggsgs-45c48', 'gsgsgsg', 'sgssgsgs', 'ggsgs', '1', '1', '1.1.1991.', 'sdgsgs.com', '$2y$10$GwPXlW7L1TSW8NPzHs.5qOmmJlwFUrAU2dgtiT99NcNwbTi.1Vyfq', '132456', '123456', 'gdsasdgdsag', 'dsagasgdas', '', 'gsgsgsg-sgssgsgs-45c48-2016-08-13.jpg', '', 0, '2016-08-13 15:43:33', '2016-08-13 15:45:00');

-- --------------------------------------------------------

--
-- Table structure for table `wood`
--

CREATE TABLE IF NOT EXISTS `wood` (
  `id` int(11) NOT NULL AUTO_INCREMENT,
  `name` text NOT NULL,
  `permalink` varchar(255) NOT NULL,
  `created_at` datetime NOT NULL DEFAULT CURRENT_TIMESTAMP,
  `updated_at` datetime NOT NULL DEFAULT CURRENT_TIMESTAMP,
  PRIMARY KEY (`id`)
) ENGINE=MyISAM  DEFAULT CHARSET=utf8 AUTO_INCREMENT=6 ;

--
-- Dumping data for table `wood`
--

INSERT INTO `wood` (`id`, `name`, `permalink`, `created_at`, `updated_at`) VALUES
(1, 'Ogrjevno drvo', 'ogrjevno-drvo', '2016-07-14 11:48:49', '2016-07-14 11:48:49'),
(2, 'Briketi', 'briketi', '2016-07-14 11:50:12', '2016-07-14 11:50:12'),
(3, 'Pelet', 'pelet', '2016-07-14 11:50:12', '2016-07-14 11:50:12');

/*!40101 SET CHARACTER_SET_CLIENT=@OLD_CHARACTER_SET_CLIENT */;
/*!40101 SET CHARACTER_SET_RESULTS=@OLD_CHARACTER_SET_RESULTS */;
/*!40101 SET COLLATION_CONNECTION=@OLD_COLLATION_CONNECTION */;
